area,gender,age,count,region
BK0101,female,20t29,3396,BK
BK0101,male,20t29,3327,BK
BK0102,female,20t29,7410,BK
BK0102,male,20t29,6867,BK
BK0103,female,20t29,2480,BK
BK0103,male,20t29,2549,BK
BK0104,female,20t29,5677,BK
BK0104,male,20t29,6855,BK
BK0201,female,20t29,1508,BK
BK0201,male,20t29,1733,BK
BK0202,female,20t29,3554,BK
BK0202,male,20t29,3669,BK
BK0203,female,20t29,3148,BK
BK0203,male,20t29,2917,BK
BK0204,female,20t29,2336,BK
BK0204,male,20t29,2560,BK
BK0301,female,20t29,8975,BK
BK0301,male,20t29,8975,BK
BK0302,female,20t29,8722,BK
BK0302,male,20t29,8313,BK
BK0401,female,20t29,8277,BK
BK0401,male,20t29,8310,BK
BK0402,female,20t29,7611,BK
BK0402,male,20t29,7370,BK
BK0501,female,20t29,2885,BK
BK0501,male,20t29,2930,BK
BK0502,female,20t29,2940,BK
BK0502,male,20t29,3274,BK
BK0503,female,20t29,4081,BK
BK0503,male,20t29,3722,BK
BK0504,female,20t29,740,BK
BK0504,male,20t29,980,BK
BK0505,female,20t29,3466,BK
BK0505,male,20t29,3665,BK
BK0601,female,20t29,3714,BK
BK0601,male,20t29,3345,BK
BK0602,female,20t29,3720,BK
BK0602,male,20t29,3297,BK
BK0701,female,20t29,1100,BK
BK0701,male,20t29,1181,BK
BK0702,female,20t29,3855,BK
BK0702,male,20t29,3948,BK
BK0703,female,20t29,2759,BK
BK0703,male,20t29,2837,BK
BK0801,female,20t29,1772,BK
BK0801,male,20t29,1315,BK
BK0802,female,20t29,8586,BK
BK0802,male,20t29,9413,BK
BK0901,female,20t29,4053,BK
BK0901,male,20t29,5179,BK
BK0902,female,20t29,4059,BK
BK0902,male,20t29,4042,BK
BK1001,female,20t29,4873,BK
BK1001,male,20t29,5788,BK
BK1002,female,20t29,2301,BK
BK1002,male,20t29,2744,BK
BK1101,female,20t29,6502,BK
BK1101,male,20t29,6450,BK
BK1102,female,20t29,1616,BK
BK1102,male,20t29,1918,BK
BK1103,female,20t29,3610,BK
BK1103,male,20t29,3756,BK
BK1201,female,20t29,1567,BK
BK1201,male,20t29,1677,BK
BK1202,female,20t29,5562,BK
BK1202,male,20t29,5764,BK
BK1203,female,20t29,1795,BK
BK1203,male,20t29,2749,BK
BK1204,female,20t29,2152,BK
BK1204,male,20t29,2494,BK
BK1301,female,20t29,1494,BK
BK1301,male,20t29,1604,BK
BK1302,female,20t29,2585,BK
BK1302,male,20t29,3057,BK
BK1303,female,20t29,1569,BK
BK1303,male,20t29,1607,BK
BK1401,female,20t29,6388,BK
BK1401,male,20t29,5664,BK
BK1402,female,20t29,2664,BK
BK1402,male,20t29,2943,BK
BK1403,female,20t29,2797,BK
BK1403,male,20t29,3488,BK
BK1501,female,20t29,3336,BK
BK1501,male,20t29,3416,BK
BK1502,female,20t29,2299,BK
BK1502,male,20t29,2551,BK
BK1503,female,20t29,3574,BK
BK1503,male,20t29,3902,BK
BK1601,female,20t29,3239,BK
BK1601,male,20t29,3801,BK
BK1602,female,20t29,3600,BK
BK1602,male,20t29,3402,BK
BK1701,female,20t29,3612,BK
BK1701,male,20t29,3729,BK
BK1702,female,20t29,2301,BK
BK1702,male,20t29,2404,BK
BK1703,female,20t29,2364,BK
BK1703,male,20t29,2622,BK
BK1704,female,20t29,2882,BK
BK1704,male,20t29,2535,BK
BK1801,female,20t29,4005,BK
BK1801,male,20t29,4663,BK
BK1802,female,20t29,2052,BK
BK1802,male,20t29,2018,BK
BK1803,female,20t29,6110,BK
BK1803,male,20t29,6182,BK
BX0101,female,20t29,4106,BX
BX0101,male,20t29,4221,BX
BX0102,female,20t29,3595,BX
BX0102,male,20t29,3638,BX
BX0201,female,20t29,1117,BX
BX0201,male,20t29,1213,BX
BX0202,female,20t29,2624,BX
BX0202,male,20t29,3421,BX
BX0301,female,20t29,2584,BX
BX0301,male,20t29,2889,BX
BX0302,female,20t29,2248,BX
BX0302,male,20t29,2100,BX
BX0303,female,20t29,2177,BX
BX0303,male,20t29,2463,BX
BX0401,female,20t29,5725,BX
BX0401,male,20t29,4916,BX
BX0402,female,20t29,2141,BX
BX0402,male,20t29,2281,BX
BX0403,female,20t29,4107,BX
BX0403,male,20t29,3821,BX
BX0501,female,20t29,3961,BX
BX0501,male,20t29,4412,BX
BX0502,female,20t29,3942,BX
BX0502,male,20t29,3786,BX
BX0503,female,20t29,2701,BX
BX0503,male,20t29,3094,BX
BX0601,female,20t29,1423,BX
BX0601,male,20t29,1704,BX
BX0602,female,20t29,2850,BX
BX0602,male,20t29,2588,BX
BX0603,female,20t29,3827,BX
BX0603,male,20t29,3181,BX
BX0701,female,20t29,3324,BX
BX0701,male,20t29,3869,BX
BX0702,female,20t29,4881,BX
BX0702,male,20t29,4632,BX
BX0703,female,20t29,3619,BX
BX0703,male,20t29,3145,BX
BX0801,female,20t29,2366,BX
BX0801,male,20t29,2604,BX
BX0802,female,20t29,1819,BX
BX0802,male,20t29,1900,BX
BX0803,female,20t29,2170,BX
BX0803,male,20t29,2397,BX
BX0901,female,20t29,5401,BX
BX0901,male,20t29,6264,BX
BX0902,female,20t29,2597,BX
BX0902,male,20t29,2975,BX
BX0903,female,20t29,2751,BX
BX0903,male,20t29,3051,BX
BX0904,female,20t29,1681,BX
BX0904,male,20t29,2165,BX
BX1001,female,20t29,1101,BX
BX1001,male,20t29,1271,BX
BX1002,female,20t29,3309,BX
BX1002,male,20t29,3499,BX
BX1003,female,20t29,1380,BX
BX1003,male,20t29,2222,BX
BX1004,female,20t29,2290,BX
BX1004,male,20t29,2480,BX
BX1101,female,20t29,2195,BX
BX1101,male,20t29,2159,BX
BX1102,female,20t29,1654,BX
BX1102,male,20t29,1783,BX
BX1103,female,20t29,1670,BX
BX1103,male,20t29,1992,BX
BX1104,female,20t29,2401,BX
BX1104,male,20t29,2361,BX
BX1201,female,20t29,5058,BX
BX1201,male,20t29,4918,BX
BX1202,female,20t29,4726,BX
BX1202,male,20t29,4726,BX
BX1203,female,20t29,3798,BX
BX1203,male,20t29,3119,BX
MN0101,female,20t29,5555,MN
MN0101,male,20t29,4600,MN
MN0102,female,20t29,1795,MN
MN0102,male,20t29,2015,MN
MN0201,female,20t29,1960,MN
MN0201,male,20t29,3091,MN
MN0202,female,20t29,3630,MN
MN0202,male,20t29,3142,MN
MN0203,female,20t29,3467,MN
MN0203,male,20t29,2702,MN
MN0301,female,20t29,1758,MN
MN0301,male,20t29,2466,MN
MN0302,female,20t29,3767,MN
MN0302,male,20t29,4852,MN
MN0303,female,20t29,7835,MN
MN0303,male,20t29,10053,MN
MN0401,female,20t29,4925,MN
MN0401,male,20t29,5921,MN
MN0402,female,20t29,4709,MN
MN0402,male,20t29,6317,MN
MN0501,female,20t29,3382,MN
MN0501,male,20t29,2710,MN
MN0502,female,20t29,2460,MN
MN0502,male,20t29,841,MN
MN0601,female,20t29,1397,MN
MN0601,male,20t29,3242,MN
MN0602,female,20t29,2685,MN
MN0602,male,20t29,4251,MN
MN0603,female,20t29,6964,MN
MN0603,male,20t29,9655,MN
MN0604,female,20t29,3396,MN
MN0604,male,20t29,2217,MN
MN0701,female,20t29,3063,MN
MN0701,male,20t29,3226,MN
MN0702,female,20t29,5347,MN
MN0702,male,20t29,5411,MN
MN0703,female,20t29,6109,MN
MN0703,male,20t29,4351,MN
MN0801,female,20t29,5911,MN
MN0801,male,20t29,6127,MN
MN0802,female,20t29,2501,MN
MN0802,male,20t29,2374,MN
MN0803,female,20t29,7584,MN
MN0803,male,20t29,5379,MN
MN0901,female,20t29,5519,MN
MN0901,male,20t29,7225,MN
MN0902,female,20t29,2548,MN
MN0902,male,20t29,2417,MN
MN0903,female,20t29,4275,MN
MN0903,male,20t29,5182,MN
MN1001,female,20t29,4302,MN
MN1001,male,20t29,5193,MN
MN1002,female,20t29,6729,MN
MN1002,male,20t29,6702,MN
MN1101,female,20t29,5203,MN
MN1101,male,20t29,4467,MN
MN1102,female,20t29,4724,MN
MN1102,male,20t29,5097,MN
MN1201,female,20t29,8332,MN
MN1201,male,20t29,9208,MN
MN1202,female,20t29,7245,MN
MN1202,male,20t29,6271,MN
MN1203,female,20t29,3011,MN
MN1203,male,20t29,2987,MN
QN0101,female,20t29,3942,QN
QN0101,male,20t29,4645,QN
QN0102,female,20t29,1143,QN
QN0102,male,20t29,1299,QN
QN0103,female,20t29,4705,QN
QN0103,male,20t29,4915,QN
QN0104,female,20t29,3276,QN
QN0104,male,20t29,3185,QN
QN0105,female,20t29,2411,QN
QN0105,male,20t29,2234,QN
QN0201,female,20t29,2077,QN
QN0201,male,20t29,1894,QN
QN0202,female,20t29,3779,QN
QN0202,male,20t29,3337,QN
QN0203,female,20t29,2273,QN
QN0203,male,20t29,2656,QN
QN0301,female,20t29,4789,QN
QN0301,male,20t29,5486,QN
QN0302,female,20t29,1628,QN
QN0302,male,20t29,1674,QN
QN0303,female,20t29,3293,QN
QN0303,male,20t29,3293,QN
QN0401,female,20t29,7231,QN
QN0401,male,20t29,7002,QN
QN0402,female,20t29,4826,QN
QN0402,male,20t29,5419,QN
QN0501,female,20t29,2681,QN
QN0501,male,20t29,2801,QN
QN0502,female,20t29,6257,QN
QN0502,male,20t29,6512,QN
QN0503,female,20t29,2184,QN
QN0503,male,20t29,2073,QN
QN0504,female,20t29,1854,QN
QN0504,male,20t29,1875,QN
QN0601,female,20t29,1553,QN
QN0601,male,20t29,1823,QN
QN0602,female,20t29,4746,QN
QN0602,male,20t29,5373,QN
QN0701,female,20t29,1290,QN
QN0701,male,20t29,1689,QN
QN0702,female,20t29,1325,QN
QN0702,male,20t29,1511,QN
QN0703,female,20t29,1278,QN
QN0703,male,20t29,1045,QN
QN0704,female,20t29,2886,QN
QN0704,male,20t29,3332,QN
QN0705,female,20t29,1642,QN
QN0705,male,20t29,1850,QN
QN0706,female,20t29,1092,QN
QN0706,male,20t29,1177,QN
QN0707,female,20t29,3248,QN
QN0707,male,20t29,3325,QN
QN0801,female,20t29,2239,QN
QN0801,male,20t29,2494,QN
QN0802,female,20t29,2870,QN
QN0802,male,20t29,2628,QN
QN0803,female,20t29,1145,QN
QN0803,male,20t29,1404,QN
QN0804,female,20t29,1116,QN
QN0804,male,20t29,1533,QN
QN0805,female,20t29,2449,QN
QN0805,male,20t29,3567,QN
QN0901,female,20t29,1295,QN
QN0901,male,20t29,1414,QN
QN0902,female,20t29,2774,QN
QN0902,male,20t29,2840,QN
QN0903,female,20t29,1617,QN
QN0903,male,20t29,2572,QN
QN0904,female,20t29,2027,QN
QN0904,male,20t29,2221,QN
QN0905,female,20t29,2557,QN
QN0905,male,20t29,3124,QN
QN1001,female,20t29,6329,QN
QN1001,male,20t29,7079,QN
QN1002,female,20t29,2291,QN
QN1002,male,20t29,1748,QN
QN1003,female,20t29,1299,QN
QN1003,male,20t29,1500,QN
QN1101,female,20t29,1840,QN
QN1101,male,20t29,1930,QN
QN1102,female,20t29,2030,QN
QN1102,male,20t29,2316,QN
QN1103,female,20t29,1163,QN
QN1103,male,20t29,1185,QN
QN1104,female,20t29,1049,QN
QN1104,male,20t29,1127,QN
QN1201,female,20t29,4540,QN
QN1201,male,20t29,4206,QN
QN1202,female,20t29,3359,QN
QN1202,male,20t29,3201,QN
QN1203,female,20t29,3442,QN
QN1203,male,20t29,3360,QN
QN1204,female,20t29,1950,QN
QN1204,male,20t29,2005,QN
QN1205,female,20t29,4178,QN
QN1205,male,20t29,3446,QN
QN1206,female,20t29,1642,QN
QN1206,male,20t29,1910,QN
QN1301,female,20t29,1390,QN
QN1301,male,20t29,1018,QN
QN1302,female,20t29,1311,QN
QN1302,male,20t29,2320,QN
QN1303,female,20t29,4731,QN
QN1303,male,20t29,4509,QN
QN1304,female,20t29,1326,QN
QN1304,male,20t29,1347,QN
QN1305,female,20t29,1706,QN
QN1305,male,20t29,2076,QN
QN1306,female,20t29,1625,QN
QN1306,male,20t29,1554,QN
QN1307,female,20t29,1540,QN
QN1307,male,20t29,1951,QN
QN1401,female,20t29,4478,QN
QN1401,male,20t29,4405,QN
QN1402,female,20t29,2468,QN
QN1402,male,20t29,2507,QN
QN1403,female,20t29,1428,QN
QN1403,male,20t29,1125,QN
SI0101,female,20t29,1309,SI
SI0101,male,20t29,1339,SI
SI0102,female,20t29,1243,SI
SI0102,male,20t29,1119,SI
SI0103,female,20t29,1532,SI
SI0103,male,20t29,1769,SI
SI0104,female,20t29,2586,SI
SI0104,male,20t29,2435,SI
SI0105,female,20t29,1753,SI
SI0105,male,20t29,2480,SI
SI0106,female,20t29,1350,SI
SI0106,male,20t29,1689,SI
SI0107,female,20t29,2248,SI
SI0107,male,20t29,2769,SI
SI0201,female,20t29,1911,SI
SI0201,male,20t29,2482,SI
SI0202,female,20t29,1676,SI
SI0202,male,20t29,1552,SI
SI0203,female,20t29,1728,SI
SI0203,male,20t29,1569,SI
SI0204,female,20t29,2781,SI
SI0204,male,20t29,2598,SI
SI0301,female,20t29,1271,SI
SI0301,male,20t29,1230,SI
SI0302,female,20t29,3809,SI
SI0302,male,20t29,3066,SI
SI0303,female,20t29,1950,SI
SI0303,male,20t29,2450,SI
SI0304,female,20t29,2152,SI
SI0304,male,20t29,2466,SI
SI0305,female,20t29,932,SI
SI0305,male,20t29,913,SI
QN0151,female,20t29,0,QN
QN0151,male,20t29,1805,QN
BK0261,female,20t29,0,BK
BK0261,male,20t29,0,BK
BK1061,female,20t29,119,BK
BK1061,male,20t29,151,BK
BX1161,female,20t29,33,BX
BX1161,male,20t29,0,BX
MN0661,female,20t29,0,MN
MN0661,male,20t29,0,MN
QN0161,female,20t29,0,QN
QN0161,male,20t29,19,QN
QN0261,female,20t29,0,QN
QN0261,male,20t29,0,QN
QN0761,female,20t29,0,QN
QN0761,male,20t29,0,QN
SI9561,female,20t29,30,SI
SI9561,male,20t29,85,SI
BK0471,female,20t29,0,BK
BK0471,male,20t29,0,BK
BK0571,female,20t29,0,BK
BK0571,male,20t29,0,BK
BK0771,female,20t29,0,BK
BK0771,male,20t29,0,BK
BK1771,female,20t29,5,BK
BK1771,male,20t29,0,BK
BX1071,female,20t29,0,BX
BX1071,male,20t29,0,BX
BX1271,female,20t29,0,BX
BX1271,male,20t29,0,BX
QN0171,female,20t29,0,QN
QN0171,male,20t29,0,QN
QN0271,female,20t29,0,QN
QN0271,male,20t29,0,QN
QN0571,female,20t29,0,QN
QN0571,male,20t29,0,QN
QN0572,female,20t29,0,QN
QN0572,male,20t29,0,QN
QN0573,female,20t29,0,QN
QN0573,male,20t29,0,QN
QN0574,female,20t29,4,QN
QN0574,male,20t29,0,QN
QN0871,female,20t29,0,QN
QN0871,male,20t29,0,QN
QN1371,female,20t29,0,QN
QN1371,male,20t29,0,QN
QN8081,female,20t29,0,QN
QN8081,male,20t29,0,QN
QN8381,female,20t29,0,QN
QN8381,male,20t29,0,QN
BK0891,female,20t29,0,BK
BK0891,male,20t29,0,BK
BK1091,female,20t29,0,BK
BK1091,male,20t29,0,BK
BK1391,female,20t29,0,BK
BK1391,male,20t29,0,BK
BK1891,female,20t29,0,BK
BK1891,male,20t29,0,BK
BK1892,female,20t29,0,BK
BK1892,male,20t29,0,BK
BK1893,female,20t29,0,BK
BK1893,male,20t29,0,BK
BK5591,female,20t29,0,BK
BK5591,male,20t29,0,BK
BK5691,female,20t29,0,BK
BK5691,male,20t29,0,BK
BK5692,female,20t29,0,BK
BK5692,male,20t29,0,BK
BK5693,female,20t29,0,BK
BK5693,male,20t29,0,BK
BX0291,female,20t29,0,BX
BX0291,male,20t29,0,BX
BX0391,female,20t29,0,BX
BX0391,male,20t29,0,BX
BX0491,female,20t29,0,BX
BX0491,male,20t29,0,BX
BX0492,female,20t29,0,BX
BX0492,male,20t29,0,BX
BX0991,female,20t29,0,BX
BX0991,male,20t29,0,BX
BX1091,female,20t29,0,BX
BX1091,male,20t29,0,BX
BX2691,female,20t29,0,BX
BX2691,male,20t29,0,BX
BX2791,female,20t29,3,BX
BX2791,male,20t29,0,BX
BX2891,female,20t29,8,BX
BX2891,male,20t29,7,BX
MN0191,female,20t29,0,MN
MN0191,male,20t29,0,MN
MN1191,female,20t29,183,MN
MN1191,male,20t29,36,MN
MN1291,female,20t29,0,MN
MN1291,male,20t29,0,MN
MN1292,female,20t29,1,MN
MN1292,male,20t29,0,MN
MN6491,female,20t29,0,MN
MN6491,male,20t29,0,MN
QN0191,female,20t29,0,QN
QN0191,male,20t29,0,QN
QN0791,female,20t29,0,QN
QN0791,male,20t29,0,QN
QN0891,female,20t29,0,QN
QN0891,male,20t29,0,QN
QN1091,female,20t29,0,QN
QN1091,male,20t29,0,QN
QN1191,female,20t29,24,QN
QN1191,male,20t29,0,QN
QN1491,female,20t29,0,QN
QN1491,male,20t29,0,QN
QN8191,female,20t29,0,QN
QN8191,male,20t29,0,QN
QN8291,female,20t29,0,QN
QN8291,male,20t29,0,QN
QN8491,female,20t29,0,QN
QN8491,male,20t29,0,QN
QN8492,female,20t29,0,QN
QN8492,male,20t29,0,QN
SI0191,female,20t29,0,SI
SI0191,male,20t29,0,SI
SI0291,female,20t29,0,SI
SI0291,male,20t29,0,SI
SI0391,female,20t29,9,SI
SI0391,male,20t29,0,SI
SI9591,female,20t29,0,SI
SI9591,male,20t29,0,SI
SI9592,female,20t29,0,SI
SI9592,male,20t29,108,SI
SI9593,female,20t29,0,SI
SI9593,male,20t29,0,SI
BK0101,female,30t39,5845,BK
BK0101,male,30t39,5728,BK
BK0102,female,30t39,9505,BK
BK0102,male,30t39,8808,BK
BK0103,female,30t39,2158,BK
BK0103,male,30t39,2218,BK
BK0104,female,30t39,5335,BK
BK0104,male,30t39,6441,BK
BK0201,female,30t39,2623,BK
BK0201,male,30t39,3016,BK
BK0202,female,30t39,4609,BK
BK0202,male,30t39,4758,BK
BK0203,female,30t39,3955,BK
BK0203,male,30t39,3664,BK
BK0204,female,30t39,3460,BK
BK0204,male,30t39,3793,BK
BK0301,female,30t39,9659,BK
BK0301,male,30t39,9658,BK
BK0302,female,30t39,8519,BK
BK0302,male,30t39,8118,BK
BK0401,female,30t39,6186,BK
BK0401,male,30t39,6210,BK
BK0402,female,30t39,5855,BK
BK0402,male,30t39,5669,BK
BK0501,female,30t39,3290,BK
BK0501,male,30t39,3342,BK
BK0502,female,30t39,3308,BK
BK0502,male,30t39,3684,BK
BK0503,female,30t39,3655,BK
BK0503,male,30t39,3332,BK
BK0504,female,30t39,750,BK
BK0504,male,30t39,994,BK
BK0505,female,30t39,3296,BK
BK0505,male,30t39,3485,BK
BK0601,female,30t39,7206,BK
BK0601,male,30t39,6492,BK
BK0602,female,30t39,7320,BK
BK0602,male,30t39,6490,BK
BK0701,female,30t39,2303,BK
BK0701,male,30t39,2473,BK
BK0702,female,30t39,5647,BK
BK0702,male,30t39,5784,BK
BK0703,female,30t39,4061,BK
BK0703,male,30t39,4175,BK
BK0801,female,30t39,3564,BK
BK0801,male,30t39,2644,BK
BK0802,female,30t39,7798,BK
BK0802,male,30t39,8548,BK
BK0901,female,30t39,3502,BK
BK0901,male,30t39,4473,BK
BK0902,female,30t39,4385,BK
BK0902,male,30t39,4367,BK
BK1001,female,30t39,5988,BK
BK1001,male,30t39,7113,BK
BK1002,female,30t39,2690,BK
BK1002,male,30t39,3207,BK
BK1101,female,30t39,7681,BK
BK1101,male,30t39,7619,BK
BK1102,female,30t39,2270,BK
BK1102,male,30t39,2696,BK
BK1103,female,30t39,4059,BK
BK1103,male,30t39,4224,BK
BK1201,female,30t39,2557,BK
BK1201,male,30t39,2736,BK
BK1202,female,30t39,4155,BK
BK1202,male,30t39,4307,BK
BK1203,female,30t39,2695,BK
BK1203,male,30t39,4126,BK
BK1204,female,30t39,1930,BK
BK1204,male,30t39,2237,BK
BK1301,female,30t39,1755,BK
BK1301,male,30t39,1885,BK
BK1302,female,30t39,2238,BK
BK1302,male,30t39,2648,BK
BK1303,female,30t39,1939,BK
BK1303,male,30t39,1986,BK
BK1401,female,30t39,6561,BK
BK1401,male,30t39,5817,BK
BK1402,female,30t39,3094,BK
BK1402,male,30t39,3419,BK
BK1403,female,30t39,3107,BK
BK1403,male,30t39,3874,BK
BK1501,female,30t39,3261,BK
BK1501,male,30t39,3339,BK
BK1502,female,30t39,2644,BK
BK1502,male,30t39,2932,BK
BK1503,female,30t39,4037,BK
BK1503,male,30t39,4407,BK
BK1601,female,30t39,2927,BK
BK1601,male,30t39,3436,BK
BK1602,female,30t39,3749,BK
BK1602,male,30t39,3544,BK
BK1701,female,30t39,4117,BK
BK1701,male,30t39,4250,BK
BK1702,female,30t39,2257,BK
BK1702,male,30t39,2358,BK
BK1703,female,30t39,2800,BK
BK1703,male,30t39,3106,BK
BK1704,female,30t39,2233,BK
BK1704,male,30t39,1964,BK
BK1801,female,30t39,4206,BK
BK1801,male,30t39,4897,BK
BK1802,female,30t39,2864,BK
BK1802,male,30t39,2818,BK
BK1803,female,30t39,5735,BK
BK1803,male,30t39,5804,BK
BX0101,female,30t39,4261,BX
BX0101,male,30t39,4382,BX
BX0102,female,30t39,2929,BX
BX0102,male,30t39,2964,BX
BX0201,female,30t39,1054,BX
BX0201,male,30t39,1146,BX
BX0202,female,30t39,2454,BX
BX0202,male,30t39,3199,BX
BX0301,female,30t39,2546,BX
BX0301,male,30t39,2847,BX
BX0302,female,30t39,1888,BX
BX0302,male,30t39,1763,BX
BX0303,female,30t39,1988,BX
BX0303,male,30t39,2249,BX
BX0401,female,30t39,5477,BX
BX0401,male,30t39,4702,BX
BX0402,female,30t39,2619,BX
BX0402,male,30t39,2792,BX
BX0403,female,30t39,3865,BX
BX0403,male,30t39,3596,BX
BX0501,female,30t39,3719,BX
BX0501,male,30t39,4143,BX
BX0502,female,30t39,3787,BX
BX0502,male,30t39,3637,BX
BX0503,female,30t39,2347,BX
BX0503,male,30t39,2688,BX
BX0601,female,30t39,1050,BX
BX0601,male,30t39,1257,BX
BX0602,female,30t39,2370,BX
BX0602,male,30t39,2152,BX
BX0603,female,30t39,2224,BX
BX0603,male,30t39,1849,BX
BX0701,female,30t39,3275,BX
BX0701,male,30t39,3812,BX
BX0702,female,30t39,4380,BX
BX0702,male,30t39,4157,BX
BX0703,female,30t39,3147,BX
BX0703,male,30t39,2734,BX
BX0801,female,30t39,2333,BX
BX0801,male,30t39,2567,BX
BX0802,female,30t39,1822,BX
BX0802,male,30t39,1902,BX
BX0803,female,30t39,2223,BX
BX0803,male,30t39,2457,BX
BX0901,female,30t39,4610,BX
BX0901,male,30t39,5345,BX
BX0902,female,30t39,1997,BX
BX0902,male,30t39,2288,BX
BX0903,female,30t39,2302,BX
BX0903,male,30t39,2553,BX
BX0904,female,30t39,2206,BX
BX0904,male,30t39,2840,BX
BX1001,female,30t39,1114,BX
BX1001,male,30t39,1285,BX
BX1002,female,30t39,3147,BX
BX1002,male,30t39,3327,BX
BX1003,female,30t39,1442,BX
BX1003,male,30t39,2323,BX
BX1004,female,30t39,2010,BX
BX1004,male,30t39,2176,BX
BX1101,female,30t39,2772,BX
BX1101,male,30t39,2728,BX
BX1102,female,30t39,1477,BX
BX1102,male,30t39,1592,BX
BX1103,female,30t39,1563,BX
BX1103,male,30t39,1864,BX
BX1104,female,30t39,2765,BX
BX1104,male,30t39,2721,BX
BX1201,female,30t39,4333,BX
BX1201,male,30t39,4212,BX
BX1202,female,30t39,2960,BX
BX1202,male,30t39,2960,BX
BX1203,female,30t39,3947,BX
BX1203,male,30t39,3242,BX
MN0101,female,30t39,5842,MN
MN0101,male,30t39,4838,MN
MN0102,female,30t39,2341,MN
MN0102,male,30t39,2629,MN
MN0201,female,30t39,1702,MN
MN0201,male,30t39,2683,MN
MN0202,female,30t39,3393,MN
MN0202,male,30t39,2936,MN
MN0203,female,30t39,3933,MN
MN0203,male,30t39,3064,MN
MN0301,female,30t39,2411,MN
MN0301,male,30t39,3383,MN
MN0302,female,30t39,2821,MN
MN0302,male,30t39,3634,MN
MN0303,female,30t39,6215,MN
MN0303,male,30t39,7973,MN
MN0401,female,30t39,6307,MN
MN0401,male,30t39,7584,MN
MN0402,female,30t39,5860,MN
MN0402,male,30t39,7863,MN
MN0501,female,30t39,3900,MN
MN0501,male,30t39,3126,MN
MN0502,female,30t39,2852,MN
MN0502,male,30t39,975,MN
MN0601,female,30t39,1141,MN
MN0601,male,30t39,2648,MN
MN0602,female,30t39,1947,MN
MN0602,male,30t39,3084,MN
MN0603,female,30t39,4897,MN
MN0603,male,30t39,6788,MN
MN0604,female,30t39,4886,MN
MN0604,male,30t39,3190,MN
MN0701,female,30t39,6078,MN
MN0701,male,30t39,6402,MN
MN0702,female,30t39,9061,MN
MN0702,male,30t39,9169,MN
MN0703,female,30t39,4551,MN
MN0703,male,30t39,3241,MN
MN0801,female,30t39,8554,MN
MN0801,male,30t39,8866,MN
MN0802,female,30t39,3071,MN
MN0802,male,30t39,2915,MN
MN0803,female,30t39,9479,MN
MN0803,male,30t39,6724,MN
MN0901,female,30t39,2039,MN
MN0901,male,30t39,2670,MN
MN0902,female,30t39,2069,MN
MN0902,male,30t39,1963,MN
MN0903,female,30t39,5448,MN
MN0903,male,30t39,6605,MN
MN1001,female,30t39,4190,MN
MN1001,male,30t39,5058,MN
MN1002,female,30t39,6973,MN
MN1002,male,30t39,6944,MN
MN1101,female,30t39,5283,MN
MN1101,male,30t39,4535,MN
MN1102,female,30t39,5351,MN
MN1102,male,30t39,5773,MN
MN1201,female,30t39,6881,MN
MN1201,male,30t39,7604,MN
MN1202,female,30t39,7607,MN
MN1202,male,30t39,6584,MN
MN1203,female,30t39,4429,MN
MN1203,male,30t39,4392,MN
QN0101,female,30t39,4920,QN
QN0101,male,30t39,5797,QN
QN0102,female,30t39,1204,QN
QN0102,male,30t39,1368,QN
QN0103,female,30t39,6666,QN
QN0103,male,30t39,6964,QN
QN0104,female,30t39,4161,QN
QN0104,male,30t39,4045,QN
QN0105,female,30t39,2302,QN
QN0105,male,30t39,2133,QN
QN0201,female,30t39,4505,QN
QN0201,male,30t39,4108,QN
QN0202,female,30t39,5529,QN
QN0202,male,30t39,4882,QN
QN0203,female,30t39,4362,QN
QN0203,male,30t39,5098,QN
QN0301,female,30t39,7261,QN
QN0301,male,30t39,8320,QN
QN0302,female,30t39,1865,QN
QN0302,male,30t39,1916,QN
QN0303,female,30t39,4098,QN
QN0303,male,30t39,4098,QN
QN0401,female,30t39,9099,QN
QN0401,male,30t39,8811,QN
QN0402,female,30t39,5929,QN
QN0402,male,30t39,6657,QN
QN0501,female,30t39,2835,QN
QN0501,male,30t39,2961,QN
QN0502,female,30t39,6779,QN
QN0502,male,30t39,7055,QN
QN0503,female,30t39,3129,QN
QN0503,male,30t39,2969,QN
QN0504,female,30t39,2625,QN
QN0504,male,30t39,2655,QN
QN0601,female,30t39,2190,QN
QN0601,male,30t39,2570,QN
QN0602,female,30t39,6619,QN
QN0602,male,30t39,7494,QN
QN0701,female,30t39,1991,QN
QN0701,male,30t39,2606,QN
QN0702,female,30t39,1720,QN
QN0702,male,30t39,1963,QN
QN0703,female,30t39,1350,QN
QN0703,male,30t39,1103,QN
QN0704,female,30t39,3397,QN
QN0704,male,30t39,3923,QN
QN0705,female,30t39,2050,QN
QN0705,male,30t39,2310,QN
QN0706,female,30t39,1573,QN
QN0706,male,30t39,1697,QN
QN0707,female,30t39,4359,QN
QN0707,male,30t39,4464,QN
QN0801,female,30t39,2129,QN
QN0801,male,30t39,2370,QN
QN0802,female,30t39,2296,QN
QN0802,male,30t39,2101,QN
QN0803,female,30t39,1061,QN
QN0803,male,30t39,1301,QN
QN0804,female,30t39,1435,QN
QN0804,male,30t39,1972,QN
QN0805,female,30t39,2737,QN
QN0805,male,30t39,3987,QN
QN0901,female,30t39,1743,QN
QN0901,male,30t39,1903,QN
QN0902,female,30t39,2297,QN
QN0902,male,30t39,2351,QN
QN0903,female,30t39,1128,QN
QN0903,male,30t39,1793,QN
QN0904,female,30t39,1621,QN
QN0904,male,30t39,1776,QN
QN0905,female,30t39,2761,QN
QN0905,male,30t39,3373,QN
QN1001,female,30t39,5173,QN
QN1001,male,30t39,5785,QN
QN1002,female,30t39,1903,QN
QN1002,male,30t39,1452,QN
QN1003,female,30t39,1797,QN
QN1003,male,30t39,2075,QN
QN1101,female,30t39,2150,QN
QN1101,male,30t39,2255,QN
QN1102,female,30t39,2019,QN
QN1102,male,30t39,2304,QN
QN1103,female,30t39,1277,QN
QN1103,male,30t39,1301,QN
QN1104,female,30t39,1408,QN
QN1104,male,30t39,1512,QN
QN1201,female,30t39,4428,QN
QN1201,male,30t39,4103,QN
QN1202,female,30t39,3471,QN
QN1202,male,30t39,3308,QN
QN1203,female,30t39,2863,QN
QN1203,male,30t39,2795,QN
QN1204,female,30t39,1636,QN
QN1204,male,30t39,1681,QN
QN1205,female,30t39,4167,QN
QN1205,male,30t39,3437,QN
QN1206,female,30t39,1387,QN
QN1206,male,30t39,1613,QN
QN1301,female,30t39,1732,QN
QN1301,male,30t39,1269,QN
QN1302,female,30t39,1304,QN
QN1302,male,30t39,2306,QN
QN1303,female,30t39,3623,QN
QN1303,male,30t39,3452,QN
QN1304,female,30t39,1181,QN
QN1304,male,30t39,1200,QN
QN1305,female,30t39,1662,QN
QN1305,male,30t39,2021,QN
QN1306,female,30t39,1683,QN
QN1306,male,30t39,1610,QN
QN1307,female,30t39,1765,QN
QN1307,male,30t39,2237,QN
QN1401,female,30t39,3843,QN
QN1401,male,30t39,3781,QN
QN1402,female,30t39,2730,QN
QN1402,male,30t39,2773,QN
QN1403,female,30t39,1647,QN
QN1403,male,30t39,1298,QN
SI0101,female,30t39,1260,SI
SI0101,male,30t39,1290,SI
SI0102,female,30t39,1108,SI
SI0102,male,30t39,997,SI
SI0103,female,30t39,1456,SI
SI0103,male,30t39,1680,SI
SI0104,female,30t39,2774,SI
SI0104,male,30t39,2611,SI
SI0105,female,30t39,1640,SI
SI0105,male,30t39,2319,SI
SI0106,female,30t39,1119,SI
SI0106,male,30t39,1401,SI
SI0107,female,30t39,1934,SI
SI0107,male,30t39,2382,SI
SI0201,female,30t39,2139,SI
SI0201,male,30t39,2776,SI
SI0202,female,30t39,1765,SI
SI0202,male,30t39,1635,SI
SI0203,female,30t39,1795,SI
SI0203,male,30t39,1629,SI
SI0204,female,30t39,2836,SI
SI0204,male,30t39,2648,SI
SI0301,female,30t39,1148,SI
SI0301,male,30t39,1110,SI
SI0302,female,30t39,3851,SI
SI0302,male,30t39,3099,SI
SI0303,female,30t39,1832,SI
SI0303,male,30t39,2302,SI
SI0304,female,30t39,2707,SI
SI0304,male,30t39,3100,SI
SI0305,female,30t39,792,SI
SI0305,male,30t39,775,SI
QN0151,female,30t39,0,QN
QN0151,male,30t39,2193,QN
BK0261,female,30t39,0,BK
BK0261,male,30t39,0,BK
BK1061,female,30t39,40,BK
BK1061,male,30t39,50,BK
BX1161,female,30t39,36,BX
BX1161,male,30t39,0,BX
MN0661,female,30t39,0,MN
MN0661,male,30t39,0,MN
QN0161,female,30t39,0,QN
QN0161,male,30t39,4,QN
QN0261,female,30t39,0,QN
QN0261,male,30t39,0,QN
QN0761,female,30t39,0,QN
QN0761,male,30t39,0,QN
SI9561,female,30t39,32,SI
SI9561,male,30t39,89,SI
BK0471,female,30t39,0,BK
BK0471,male,30t39,0,BK
BK0571,female,30t39,0,BK
BK0571,male,30t39,0,BK
BK0771,female,30t39,0,BK
BK0771,male,30t39,0,BK
BK1771,female,30t39,9,BK
BK1771,male,30t39,0,BK
BX1071,female,30t39,0,BX
BX1071,male,30t39,0,BX
BX1271,female,30t39,0,BX
BX1271,male,30t39,0,BX
QN0171,female,30t39,0,QN
QN0171,male,30t39,0,QN
QN0271,female,30t39,0,QN
QN0271,male,30t39,0,QN
QN0571,female,30t39,0,QN
QN0571,male,30t39,0,QN
QN0572,female,30t39,0,QN
QN0572,male,30t39,0,QN
QN0573,female,30t39,0,QN
QN0573,male,30t39,0,QN
QN0574,female,30t39,0,QN
QN0574,male,30t39,0,QN
QN0871,female,30t39,0,QN
QN0871,male,30t39,0,QN
QN1371,female,30t39,0,QN
QN1371,male,30t39,0,QN
QN8081,female,30t39,0,QN
QN8081,male,30t39,0,QN
QN8381,female,30t39,0,QN
QN8381,male,30t39,0,QN
BK0891,female,30t39,0,BK
BK0891,male,30t39,0,BK
BK1091,female,30t39,0,BK
BK1091,male,30t39,0,BK
BK1391,female,30t39,0,BK
BK1391,male,30t39,0,BK
BK1891,female,30t39,0,BK
BK1891,male,30t39,0,BK
BK1892,female,30t39,0,BK
BK1892,male,30t39,0,BK
BK1893,female,30t39,0,BK
BK1893,male,30t39,0,BK
BK5591,female,30t39,0,BK
BK5591,male,30t39,0,BK
BK5691,female,30t39,7,BK
BK5691,male,30t39,0,BK
BK5692,female,30t39,0,BK
BK5692,male,30t39,0,BK
BK5693,female,30t39,0,BK
BK5693,male,30t39,0,BK
BX0291,female,30t39,0,BX
BX0291,male,30t39,0,BX
BX0391,female,30t39,0,BX
BX0391,male,30t39,0,BX
BX0491,female,30t39,0,BX
BX0491,male,30t39,0,BX
BX0492,female,30t39,0,BX
BX0492,male,30t39,0,BX
BX0991,female,30t39,0,BX
BX0991,male,30t39,0,BX
BX1091,female,30t39,0,BX
BX1091,male,30t39,0,BX
BX2691,female,30t39,0,BX
BX2691,male,30t39,0,BX
BX2791,female,30t39,0,BX
BX2791,male,30t39,0,BX
BX2891,female,30t39,0,BX
BX2891,male,30t39,0,BX
MN0191,female,30t39,0,MN
MN0191,male,30t39,0,MN
MN1191,female,30t39,419,MN
MN1191,male,30t39,84,MN
MN1291,female,30t39,0,MN
MN1291,male,30t39,0,MN
MN1292,female,30t39,5,MN
MN1292,male,30t39,0,MN
MN6491,female,30t39,0,MN
MN6491,male,30t39,0,MN
QN0191,female,30t39,0,QN
QN0191,male,30t39,0,QN
QN0791,female,30t39,0,QN
QN0791,male,30t39,0,QN
QN0891,female,30t39,0,QN
QN0891,male,30t39,0,QN
QN1091,female,30t39,0,QN
QN1091,male,30t39,0,QN
QN1191,female,30t39,8,QN
QN1191,male,30t39,0,QN
QN1491,female,30t39,0,QN
QN1491,male,30t39,0,QN
QN8191,female,30t39,0,QN
QN8191,male,30t39,0,QN
QN8291,female,30t39,0,QN
QN8291,male,30t39,0,QN
QN8491,female,30t39,0,QN
QN8491,male,30t39,0,QN
QN8492,female,30t39,0,QN
QN8492,male,30t39,0,QN
SI0191,female,30t39,0,SI
SI0191,male,30t39,0,SI
SI0291,female,30t39,0,SI
SI0291,male,30t39,0,SI
SI0391,female,30t39,5,SI
SI0391,male,30t39,0,SI
SI9591,female,30t39,0,SI
SI9591,male,30t39,0,SI
SI9592,female,30t39,0,SI
SI9592,male,30t39,29,SI
SI9593,female,30t39,0,SI
SI9593,male,30t39,0,SI
BK0101,female,40t49,2891,BK
BK0101,male,40t49,2833,BK
BK0102,female,40t49,3771,BK
BK0102,male,40t49,3493,BK
BK0103,female,40t49,1693,BK
BK0103,male,40t49,1741,BK
BK0104,female,40t49,2823,BK
BK0104,male,40t49,3408,BK
BK0201,female,40t49,1506,BK
BK0201,male,40t49,1732,BK
BK0202,female,40t49,3137,BK
BK0202,male,40t49,3238,BK
BK0203,female,40t49,2485,BK
BK0203,male,40t49,2302,BK
BK0204,female,40t49,1753,BK
BK0204,male,40t49,1920,BK
BK0301,female,40t49,5113,BK
BK0301,male,40t49,5113,BK
BK0302,female,40t49,6398,BK
BK0302,male,40t49,6098,BK
BK0401,female,40t49,2896,BK
BK0401,male,40t49,2907,BK
BK0402,female,40t49,3696,BK
BK0402,male,40t49,3579,BK
BK0501,female,40t49,2722,BK
BK0501,male,40t49,2765,BK
BK0502,female,40t49,2534,BK
BK0502,male,40t49,2823,BK
BK0503,female,40t49,3311,BK
BK0503,male,40t49,3018,BK
BK0504,female,40t49,748,BK
BK0504,male,40t49,991,BK
BK0505,female,40t49,2572,BK
BK0505,male,40t49,2720,BK
BK0601,female,40t49,5752,BK
BK0601,male,40t49,5182,BK
BK0602,female,40t49,5040,BK
BK0602,male,40t49,4468,BK
BK0701,female,40t49,2285,BK
BK0701,male,40t49,2454,BK
BK0702,female,40t49,3621,BK
BK0702,male,40t49,3708,BK
BK0703,female,40t49,3136,BK
BK0703,male,40t49,3224,BK
BK0801,female,40t49,2153,BK
BK0801,male,40t49,1597,BK
BK0802,female,40t49,5279,BK
BK0802,male,40t49,5786,BK
BK0901,female,40t49,2479,BK
BK0901,male,40t49,3166,BK
BK0902,female,40t49,2878,BK
BK0902,male,40t49,2866,BK
BK1001,female,40t49,5122,BK
BK1001,male,40t49,6085,BK
BK1002,female,40t49,2503,BK
BK1002,male,40t49,2984,BK
BK1101,female,40t49,6475,BK
BK1101,male,40t49,6423,BK
BK1102,female,40t49,2175,BK
BK1102,male,40t49,2583,BK
BK1103,female,40t49,4119,BK
BK1103,male,40t49,4287,BK
BK1201,female,40t49,2109,BK
BK1201,male,40t49,2257,BK
BK1202,female,40t49,3330,BK
BK1202,male,40t49,3452,BK
BK1203,female,40t49,2310,BK
BK1203,male,40t49,3538,BK
BK1204,female,40t49,2042,BK
BK1204,male,40t49,2368,BK
BK1301,female,40t49,1601,BK
BK1301,male,40t49,1720,BK
BK1302,female,40t49,2342,BK
BK1302,male,40t49,2771,BK
BK1303,female,40t49,1795,BK
BK1303,male,40t49,1837,BK
BK1401,female,40t49,4951,BK
BK1401,male,40t49,4389,BK
BK1402,female,40t49,2484,BK
BK1402,male,40t49,2744,BK
BK1403,female,40t49,2543,BK
BK1403,male,40t49,3170,BK
BK1501,female,40t49,3307,BK
BK1501,male,40t49,3387,BK
BK1502,female,40t49,2234,BK
BK1502,male,40t49,2477,BK
BK1503,female,40t49,4053,BK
BK1503,male,40t49,4425,BK
BK1601,female,40t49,2079,BK
BK1601,male,40t49,2439,BK
BK1602,female,40t49,3371,BK
BK1602,male,40t49,3187,BK
BK1701,female,40t49,2811,BK
BK1701,male,40t49,2902,BK
BK1702,female,40t49,2163,BK
BK1702,male,40t49,2260,BK
BK1703,female,40t49,2428,BK
BK1703,male,40t49,2693,BK
BK1704,female,40t49,2564,BK
BK1704,male,40t49,2254,BK
BK1801,female,40t49,3955,BK
BK1801,male,40t49,4604,BK
BK1802,female,40t49,3017,BK
BK1802,male,40t49,2968,BK
BK1803,female,40t49,5803,BK
BK1803,male,40t49,5872,BK
BX0101,female,40t49,3104,BX
BX0101,male,40t49,3191,BX
BX0102,female,40t49,2571,BX
BX0102,male,40t49,2601,BX
BX0201,female,40t49,903,BX
BX0201,male,40t49,982,BX
BX0202,female,40t49,2072,BX
BX0202,male,40t49,2701,BX
BX0301,female,40t49,2038,BX
BX0301,male,40t49,2278,BX
BX0302,female,40t49,1487,BX
BX0302,male,40t49,1388,BX
BX0303,female,40t49,1609,BX
BX0303,male,40t49,1821,BX
BX0401,female,40t49,4876,BX
BX0401,male,40t49,4187,BX
BX0402,female,40t49,2027,BX
BX0402,male,40t49,2159,BX
BX0403,female,40t49,3229,BX
BX0403,male,40t49,3003,BX
BX0501,female,40t49,3147,BX
BX0501,male,40t49,3506,BX
BX0502,female,40t49,3141,BX
BX0502,male,40t49,3016,BX
BX0503,female,40t49,2058,BX
BX0503,male,40t49,2357,BX
BX0601,female,40t49,1059,BX
BX0601,male,40t49,1268,BX
BX0602,female,40t49,1678,BX
BX0602,male,40t49,1524,BX
BX0603,female,40t49,2229,BX
BX0603,male,40t49,1852,BX
BX0701,female,40t49,2725,BX
BX0701,male,40t49,3173,BX
BX0702,female,40t49,3782,BX
BX0702,male,40t49,3589,BX
BX0703,female,40t49,3304,BX
BX0703,male,40t49,2870,BX
BX0801,female,40t49,2124,BX
BX0801,male,40t49,2337,BX
BX0802,female,40t49,1601,BX
BX0802,male,40t49,1672,BX
BX0803,female,40t49,2654,BX
BX0803,male,40t49,2932,BX
BX0901,female,40t49,3567,BX
BX0901,male,40t49,4136,BX
BX0902,female,40t49,2137,BX
BX0902,male,40t49,2448,BX
BX0903,female,40t49,2076,BX
BX0903,male,40t49,2302,BX
BX0904,female,40t49,1836,BX
BX0904,male,40t49,2365,BX
BX1001,female,40t49,994,BX
BX1001,male,40t49,1148,BX
BX1002,female,40t49,3238,BX
BX1002,male,40t49,3423,BX
BX1003,female,40t49,1650,BX
BX1003,male,40t49,2657,BX
BX1004,female,40t49,1934,BX
BX1004,male,40t49,2094,BX
BX1101,female,40t49,1780,BX
BX1101,male,40t49,1750,BX
BX1102,female,40t49,1571,BX
BX1102,male,40t49,1695,BX
BX1103,female,40t49,1848,BX
BX1103,male,40t49,2204,BX
BX1104,female,40t49,2321,BX
BX1104,male,40t49,2284,BX
BX1201,female,40t49,3501,BX
BX1201,male,40t49,3404,BX
BX1202,female,40t49,3576,BX
BX1202,male,40t49,3576,BX
BX1203,female,40t49,3345,BX
BX1203,male,40t49,2747,BX
MN0101,female,40t49,4687,MN
MN0101,male,40t49,3881,MN
MN0102,female,40t49,1937,MN
MN0102,male,40t49,2174,MN
MN0201,female,40t49,1099,MN
MN0201,male,40t49,1731,MN
MN0202,female,40t49,1939,MN
MN0202,male,40t49,1677,MN
MN0203,female,40t49,2417,MN
MN0203,male,40t49,1882,MN
MN0301,female,40t49,2190,MN
MN0301,male,40t49,3073,MN
MN0302,female,40t49,2523,MN
MN0302,male,40t49,3249,MN
MN0303,female,40t49,2828,MN
MN0303,male,40t49,3627,MN
MN0401,female,40t49,4103,MN
MN0401,male,40t49,4933,MN
MN0402,female,40t49,3458,MN
MN0402,male,40t49,4640,MN
MN0501,female,40t49,2108,MN
MN0501,male,40t49,1689,MN
MN0502,female,40t49,2387,MN
MN0502,male,40t49,816,MN
MN0601,female,40t49,1051,MN
MN0601,male,40t49,2440,MN
MN0602,female,40t49,1092,MN
MN0602,male,40t49,1729,MN
MN0603,female,40t49,3245,MN
MN0603,male,40t49,4498,MN
MN0604,female,40t49,2128,MN
MN0604,male,40t49,1388,MN
MN0701,female,40t49,4160,MN
MN0701,male,40t49,4381,MN
MN0702,female,40t49,6587,MN
MN0702,male,40t49,6666,MN
MN0703,female,40t49,3556,MN
MN0703,male,40t49,2533,MN
MN0801,female,40t49,4997,MN
MN0801,male,40t49,5180,MN
MN0802,female,40t49,3381,MN
MN0802,male,40t49,3209,MN
MN0803,female,40t49,5554,MN
MN0803,male,40t49,3939,MN
MN0901,female,40t49,1105,MN
MN0901,male,40t49,1446,MN
MN0902,female,40t49,1610,MN
MN0902,male,40t49,1527,MN
MN0903,female,40t49,3010,MN
MN0903,male,40t49,3648,MN
MN1001,female,40t49,3277,MN
MN1001,male,40t49,3955,MN
MN1002,female,40t49,5689,MN
MN1002,male,40t49,5665,MN
MN1101,female,40t49,3723,MN
MN1101,male,40t49,3196,MN
MN1102,female,40t49,4064,MN
MN1102,male,40t49,4385,MN
MN1201,female,40t49,5230,MN
MN1201,male,40t49,5779,MN
MN1202,female,40t49,6249,MN
MN1202,male,40t49,5408,MN
MN1203,female,40t49,2687,MN
MN1203,male,40t49,2665,MN
QN0101,female,40t49,2837,QN
QN0101,male,40t49,3343,QN
QN0102,female,40t49,771,QN
QN0102,male,40t49,875,QN
QN0103,female,40t49,2841,QN
QN0103,male,40t49,2967,QN
QN0104,female,40t49,2548,QN
QN0104,male,40t49,2477,QN
QN0105,female,40t49,1569,QN
QN0105,male,40t49,1453,QN
QN0201,female,40t49,2049,QN
QN0201,male,40t49,1868,QN
QN0202,female,40t49,4440,QN
QN0202,male,40t49,3920,QN
QN0203,female,40t49,3498,QN
QN0203,male,40t49,4088,QN
QN0301,female,40t49,6656,QN
QN0301,male,40t49,7627,QN
QN0302,female,40t49,1721,QN
QN0302,male,40t49,1769,QN
QN0303,female,40t49,3088,QN
QN0303,male,40t49,3088,QN
QN0401,female,40t49,7372,QN
QN0401,male,40t49,7139,QN
QN0402,female,40t49,5220,QN
QN0402,male,40t49,5861,QN
QN0501,female,40t49,2785,QN
QN0501,male,40t49,2909,QN
QN0502,female,40t49,4815,QN
QN0502,male,40t49,5011,QN
QN0503,female,40t49,2424,QN
QN0503,male,40t49,2300,QN
QN0504,female,40t49,2459,QN
QN0504,male,40t49,2488,QN
QN0601,female,40t49,1956,QN
QN0601,male,40t49,2295,QN
QN0602,female,40t49,5682,QN
QN0602,male,40t49,6432,QN
QN0701,female,40t49,1817,QN
QN0701,male,40t49,2377,QN
QN0702,female,40t49,1693,QN
QN0702,male,40t49,1931,QN
QN0703,female,40t49,1695,QN
QN0703,male,40t49,1386,QN
QN0704,female,40t49,3911,QN
QN0704,male,40t49,4516,QN
QN0705,female,40t49,1720,QN
QN0705,male,40t49,1939,QN
QN0706,female,40t49,1375,QN
QN0706,male,40t49,1483,QN
QN0707,female,40t49,4025,QN
QN0707,male,40t49,4121,QN
QN0801,female,40t49,2063,QN
QN0801,male,40t49,2298,QN
QN0802,female,40t49,1739,QN
QN0802,male,40t49,1591,QN
QN0803,female,40t49,1237,QN
QN0803,male,40t49,1518,QN
QN0804,female,40t49,1215,QN
QN0804,male,40t49,1669,QN
QN0805,female,40t49,2094,QN
QN0805,male,40t49,3049,QN
QN0901,female,40t49,1829,QN
QN0901,male,40t49,1997,QN
QN0902,female,40t49,2403,QN
QN0902,male,40t49,2461,QN
QN0903,female,40t49,1214,QN
QN0903,male,40t49,1929,QN
QN0904,female,40t49,1554,QN
QN0904,male,40t49,1702,QN
QN0905,female,40t49,2842,QN
QN0905,male,40t49,3472,QN
QN1001,female,40t49,5093,QN
QN1001,male,40t49,5697,QN
QN1002,female,40t49,1655,QN
QN1002,male,40t49,1263,QN
QN1003,female,40t49,1839,QN
QN1003,male,40t49,2124,QN
QN1101,female,40t49,2169,QN
QN1101,male,40t49,2275,QN
QN1102,female,40t49,2347,QN
QN1102,male,40t49,2677,QN
QN1103,female,40t49,1717,QN
QN1103,male,40t49,1750,QN
QN1104,female,40t49,1698,QN
QN1104,male,40t49,1823,QN
QN1201,female,40t49,3714,QN
QN1201,male,40t49,3442,QN
QN1202,female,40t49,2816,QN
QN1202,male,40t49,2684,QN
QN1203,female,40t49,2915,QN
QN1203,male,40t49,2844,QN
QN1204,female,40t49,2128,QN
QN1204,male,40t49,2187,QN
QN1205,female,40t49,3686,QN
QN1205,male,40t49,3040,QN
QN1206,female,40t49,1315,QN
QN1206,male,40t49,1531,QN
QN1301,female,40t49,1753,QN
QN1301,male,40t49,1284,QN
QN1302,female,40t49,1109,QN
QN1302,male,40t49,1963,QN
QN1303,female,40t49,3623,QN
QN1303,male,40t49,3452,QN
QN1304,female,40t49,1296,QN
QN1304,male,40t49,1315,QN
QN1305,female,40t49,1852,QN
QN1305,male,40t49,2254,QN
QN1306,female,40t49,1640,QN
QN1306,male,40t49,1568,QN
QN1307,female,40t49,1462,QN
QN1307,male,40t49,1853,QN
QN1401,female,40t49,3317,QN
QN1401,male,40t49,3263,QN
QN1402,female,40t49,2787,QN
QN1402,male,40t49,2830,QN
QN1403,female,40t49,1505,QN
QN1403,male,40t49,1186,QN
SI0101,female,40t49,1139,SI
SI0101,male,40t49,1166,SI
SI0102,female,40t49,1037,SI
SI0102,male,40t49,933,SI
SI0103,female,40t49,1305,SI
SI0103,male,40t49,1507,SI
SI0104,female,40t49,2053,SI
SI0104,male,40t49,1932,SI
SI0105,female,40t49,1798,SI
SI0105,male,40t49,2543,SI
SI0106,female,40t49,1150,SI
SI0106,male,40t49,1438,SI
SI0107,female,40t49,2201,SI
SI0107,male,40t49,2710,SI
SI0201,female,40t49,2250,SI
SI0201,male,40t49,2921,SI
SI0202,female,40t49,1964,SI
SI0202,male,40t49,1820,SI
SI0203,female,40t49,1977,SI
SI0203,male,40t49,1795,SI
SI0204,female,40t49,3172,SI
SI0204,male,40t49,2963,SI
SI0301,female,40t49,1488,SI
SI0301,male,40t49,1440,SI
SI0302,female,40t49,3952,SI
SI0302,male,40t49,3180,SI
SI0303,female,40t49,1954,SI
SI0303,male,40t49,2456,SI
SI0304,female,40t49,2899,SI
SI0304,male,40t49,3321,SI
SI0305,female,40t49,1251,SI
SI0305,male,40t49,1226,SI
QN0151,female,40t49,0,QN
QN0151,male,40t49,1338,QN
BK0261,female,40t49,0,BK
BK0261,male,40t49,0,BK
BK1061,female,40t49,68,BK
BK1061,male,40t49,86,BK
BX1161,female,40t49,101,BX
BX1161,male,40t49,0,BX
MN0661,female,40t49,0,MN
MN0661,male,40t49,0,MN
QN0161,female,40t49,0,QN
QN0161,male,40t49,8,QN
QN0261,female,40t49,0,QN
QN0261,male,40t49,0,QN
QN0761,female,40t49,0,QN
QN0761,male,40t49,0,QN
SI9561,female,40t49,18,SI
SI9561,male,40t49,49,SI
BK0471,female,40t49,0,BK
BK0471,male,40t49,0,BK
BK0571,female,40t49,0,BK
BK0571,male,40t49,0,BK
BK0771,female,40t49,0,BK
BK0771,male,40t49,0,BK
BK1771,female,40t49,0,BK
BK1771,male,40t49,0,BK
BX1071,female,40t49,0,BX
BX1071,male,40t49,0,BX
BX1271,female,40t49,0,BX
BX1271,male,40t49,0,BX
QN0171,female,40t49,0,QN
QN0171,male,40t49,0,QN
QN0271,female,40t49,0,QN
QN0271,male,40t49,0,QN
QN0571,female,40t49,0,QN
QN0571,male,40t49,0,QN
QN0572,female,40t49,0,QN
QN0572,male,40t49,0,QN
QN0573,female,40t49,0,QN
QN0573,male,40t49,0,QN
QN0574,female,40t49,4,QN
QN0574,male,40t49,0,QN
QN0871,female,40t49,0,QN
QN0871,male,40t49,0,QN
QN1371,female,40t49,0,QN
QN1371,male,40t49,0,QN
QN8081,female,40t49,0,QN
QN8081,male,40t49,0,QN
QN8381,female,40t49,0,QN
QN8381,male,40t49,0,QN
BK0891,female,40t49,0,BK
BK0891,male,40t49,0,BK
BK1091,female,40t49,0,BK
BK1091,male,40t49,0,BK
BK1391,female,40t49,0,BK
BK1391,male,40t49,0,BK
BK1891,female,40t49,0,BK
BK1891,male,40t49,0,BK
BK1892,female,40t49,0,BK
BK1892,male,40t49,0,BK
BK1893,female,40t49,0,BK
BK1893,male,40t49,0,BK
BK5591,female,40t49,0,BK
BK5591,male,40t49,0,BK
BK5691,female,40t49,13,BK
BK5691,male,40t49,0,BK
BK5692,female,40t49,0,BK
BK5692,male,40t49,0,BK
BK5693,female,40t49,0,BK
BK5693,male,40t49,0,BK
BX0291,female,40t49,0,BX
BX0291,male,40t49,0,BX
BX0391,female,40t49,0,BX
BX0391,male,40t49,0,BX
BX0491,female,40t49,0,BX
BX0491,male,40t49,0,BX
BX0492,female,40t49,0,BX
BX0492,male,40t49,0,BX
BX0991,female,40t49,0,BX
BX0991,male,40t49,0,BX
BX1091,female,40t49,0,BX
BX1091,male,40t49,0,BX
BX2691,female,40t49,0,BX
BX2691,male,40t49,0,BX
BX2791,female,40t49,2,BX
BX2791,male,40t49,0,BX
BX2891,female,40t49,0,BX
BX2891,male,40t49,0,BX
MN0191,female,40t49,0,MN
MN0191,male,40t49,0,MN
MN1191,female,40t49,360,MN
MN1191,male,40t49,71,MN
MN1291,female,40t49,0,MN
MN1291,male,40t49,0,MN
MN1292,female,40t49,5,MN
MN1292,male,40t49,0,MN
MN6491,female,40t49,0,MN
MN6491,male,40t49,0,MN
QN0191,female,40t49,0,QN
QN0191,male,40t49,0,QN
QN0791,female,40t49,0,QN
QN0791,male,40t49,0,QN
QN0891,female,40t49,0,QN
QN0891,male,40t49,0,QN
QN1091,female,40t49,0,QN
QN1091,male,40t49,0,QN
QN1191,female,40t49,0,QN
QN1191,male,40t49,0,QN
QN1491,female,40t49,0,QN
QN1491,male,40t49,0,QN
QN8191,female,40t49,0,QN
QN8191,male,40t49,0,QN
QN8291,female,40t49,0,QN
QN8291,male,40t49,0,QN
QN8491,female,40t49,0,QN
QN8491,male,40t49,0,QN
QN8492,female,40t49,0,QN
QN8492,male,40t49,0,QN
SI0191,female,40t49,0,SI
SI0191,male,40t49,0,SI
SI0291,female,40t49,0,SI
SI0291,male,40t49,0,SI
SI0391,female,40t49,0,SI
SI0391,male,40t49,0,SI
SI9591,female,40t49,0,SI
SI9591,male,40t49,0,SI
SI9592,female,40t49,0,SI
SI9592,male,40t49,58,SI
SI9593,female,40t49,0,SI
SI9593,male,40t49,0,SI
BK0101,female,50t64,2347,BK
BK0101,male,50t64,2300,BK
BK0102,female,50t64,3363,BK
BK0102,male,50t64,3115,BK
BK0103,female,50t64,2106,BK
BK0103,male,50t64,2165,BK
BK0104,female,50t64,3412,BK
BK0104,male,50t64,4118,BK
BK0201,female,50t64,1704,BK
BK0201,male,50t64,1959,BK
BK0202,female,50t64,2222,BK
BK0202,male,50t64,2293,BK
BK0203,female,50t64,2595,BK
BK0203,male,50t64,2405,BK
BK0204,female,50t64,1727,BK
BK0204,male,50t64,1892,BK
BK0301,female,50t64,5637,BK
BK0301,male,50t64,5636,BK
BK0302,female,50t64,7538,BK
BK0302,male,50t64,7184,BK
BK0401,female,50t64,3449,BK
BK0401,male,50t64,3461,BK
BK0402,female,50t64,4583,BK
BK0402,male,50t64,4437,BK
BK0501,female,50t64,3941,BK
BK0501,male,50t64,4003,BK
BK0502,female,50t64,3367,BK
BK0502,male,50t64,3751,BK
BK0503,female,50t64,5234,BK
BK0503,male,50t64,4773,BK
BK0504,female,50t64,1349,BK
BK0504,male,50t64,1787,BK
BK0505,female,50t64,3952,BK
BK0505,male,50t64,4178,BK
BK0601,female,50t64,5049,BK
BK0601,male,50t64,4548,BK
BK0602,female,50t64,5052,BK
BK0602,male,50t64,4480,BK
BK0701,female,50t64,2415,BK
BK0701,male,50t64,2595,BK
BK0702,female,50t64,4067,BK
BK0702,male,50t64,4165,BK
BK0703,female,50t64,3982,BK
BK0703,male,50t64,4095,BK
BK0801,female,50t64,2059,BK
BK0801,male,50t64,1527,BK
BK0802,female,50t64,7089,BK
BK0802,male,50t64,7771,BK
BK0901,female,50t64,3786,BK
BK0901,male,50t64,4836,BK
BK0902,female,50t64,4321,BK
BK0902,male,50t64,4303,BK
BK1001,female,50t64,7894,BK
BK1001,male,50t64,9379,BK
BK1002,female,50t64,4178,BK
BK1002,male,50t64,4983,BK
BK1101,female,50t64,10593,BK
BK1101,male,50t64,10507,BK
BK1102,female,50t64,2731,BK
BK1102,male,50t64,3243,BK
BK1103,female,50t64,6125,BK
BK1103,male,50t64,6375,BK
BK1201,female,50t64,2250,BK
BK1201,male,50t64,2408,BK
BK1202,female,50t64,3839,BK
BK1202,male,50t64,3978,BK
BK1203,female,50t64,2476,BK
BK1203,male,50t64,3790,BK
BK1204,female,50t64,2605,BK
BK1204,male,50t64,3020,BK
BK1301,female,50t64,3155,BK
BK1301,male,50t64,3389,BK
BK1302,female,50t64,4634,BK
BK1302,male,50t64,5482,BK
BK1303,female,50t64,2930,BK
BK1303,male,50t64,3000,BK
BK1401,female,50t64,6463,BK
BK1401,male,50t64,5731,BK
BK1402,female,50t64,3781,BK
BK1402,male,50t64,4179,BK
BK1403,female,50t64,3941,BK
BK1403,male,50t64,4913,BK
BK1501,female,50t64,4837,BK
BK1501,male,50t64,4953,BK
BK1502,female,50t64,4095,BK
BK1502,male,50t64,4544,BK
BK1503,female,50t64,6801,BK
BK1503,male,50t64,7425,BK
BK1601,female,50t64,3197,BK
BK1601,male,50t64,3751,BK
BK1602,female,50t64,5268,BK
BK1602,male,50t64,4980,BK
BK1701,female,50t64,3838,BK
BK1701,male,50t64,3961,BK
BK1702,female,50t64,3548,BK
BK1702,male,50t64,3707,BK
BK1703,female,50t64,4005,BK
BK1703,male,50t64,4444,BK
BK1704,female,50t64,4812,BK
BK1704,male,50t64,4233,BK
BK1801,female,50t64,6851,BK
BK1801,male,50t64,7977,BK
BK1802,female,50t64,4886,BK
BK1802,male,50t64,4808,BK
BK1803,female,50t64,8967,BK
BK1803,male,50t64,9074,BK
BX0101,female,50t64,4340,BX
BX0101,male,50t64,4463,BX
BX0102,female,50t64,3332,BX
BX0102,male,50t64,3371,BX
BX0201,female,50t64,1047,BX
BX0201,male,50t64,1138,BX
BX0202,female,50t64,3143,BX
BX0202,male,50t64,4097,BX
BX0301,female,50t64,3092,BX
BX0301,male,50t64,3458,BX
BX0302,female,50t64,1787,BX
BX0302,male,50t64,1669,BX
BX0303,female,50t64,2553,BX
BX0303,male,50t64,2890,BX
BX0401,female,50t64,6773,BX
BX0401,male,50t64,5816,BX
BX0402,female,50t64,2536,BX
BX0402,male,50t64,2703,BX
BX0403,female,50t64,4758,BX
BX0403,male,50t64,4427,BX
BX0501,female,50t64,5040,BX
BX0501,male,50t64,5615,BX
BX0502,female,50t64,4065,BX
BX0502,male,50t64,3904,BX
BX0503,female,50t64,2473,BX
BX0503,male,50t64,2832,BX
BX0601,female,50t64,1407,BX
BX0601,male,50t64,1685,BX
BX0602,female,50t64,2854,BX
BX0602,male,50t64,2591,BX
BX0603,female,50t64,2739,BX
BX0603,male,50t64,2276,BX
BX0701,female,50t64,3744,BX
BX0701,male,50t64,4358,BX
BX0702,female,50t64,4874,BX
BX0702,male,50t64,4626,BX
BX0703,female,50t64,3779,BX
BX0703,male,50t64,3283,BX
BX0801,female,50t64,3194,BX
BX0801,male,50t64,3514,BX
BX0802,female,50t64,2452,BX
BX0802,male,50t64,2561,BX
BX0803,female,50t64,3977,BX
BX0803,male,50t64,4394,BX
BX0901,female,50t64,5271,BX
BX0901,male,50t64,6112,BX
BX0902,female,50t64,2957,BX
BX0902,male,50t64,3387,BX
BX0903,female,50t64,3836,BX
BX0903,male,50t64,4255,BX
BX0904,female,50t64,2368,BX
BX0904,male,50t64,3050,BX
BX1001,female,50t64,1159,BX
BX1001,male,50t64,1338,BX
BX1002,female,50t64,4601,BX
BX1002,male,50t64,4865,BX
BX1003,female,50t64,1956,BX
BX1003,male,50t64,3149,BX
BX1004,female,50t64,3978,BX
BX1004,male,50t64,4308,BX
BX1101,female,50t64,2930,BX
BX1101,male,50t64,2882,BX
BX1102,female,50t64,2000,BX
BX1102,male,50t64,2156,BX
BX1103,female,50t64,2731,BX
BX1103,male,50t64,3256,BX
BX1104,female,50t64,3481,BX
BX1104,male,50t64,3424,BX
BX1201,female,50t64,5905,BX
BX1201,male,50t64,5740,BX
BX1202,female,50t64,5889,BX
BX1202,male,50t64,5888,BX
BX1203,female,50t64,6004,BX
BX1203,male,50t64,4931,BX
MN0101,female,50t64,3547,MN
MN0101,male,50t64,2936,MN
MN0102,female,50t64,1670,MN
MN0102,male,50t64,1875,MN
MN0201,female,50t64,1700,MN
MN0201,male,50t64,2679,MN
MN0202,female,50t64,2469,MN
MN0202,male,50t64,2136,MN
MN0203,female,50t64,3568,MN
MN0203,male,50t64,2780,MN
MN0301,female,50t64,3551,MN
MN0301,male,50t64,4985,MN
MN0302,female,50t64,3585,MN
MN0302,male,50t64,4618,MN
MN0303,female,50t64,5345,MN
MN0303,male,50t64,6856,MN
MN0401,female,50t64,5993,MN
MN0401,male,50t64,7207,MN
MN0402,female,50t64,3988,MN
MN0402,male,50t64,5350,MN
MN0501,female,50t64,2132,MN
MN0501,male,50t64,1709,MN
MN0502,female,50t64,3325,MN
MN0502,male,50t64,1138,MN
MN0601,female,50t64,1154,MN
MN0601,male,50t64,2677,MN
MN0602,female,50t64,1773,MN
MN0602,male,50t64,2808,MN
MN0603,female,50t64,2644,MN
MN0603,male,50t64,3665,MN
MN0604,female,50t64,4753,MN
MN0604,male,50t64,3103,MN
MN0701,female,50t64,6286,MN
MN0701,male,50t64,6621,MN
MN0702,female,50t64,10168,MN
MN0702,male,50t64,10290,MN
MN0703,female,50t64,5709,MN
MN0703,male,50t64,4066,MN
MN0801,female,50t64,6329,MN
MN0801,male,50t64,6561,MN
MN0802,female,50t64,5756,MN
MN0802,male,50t64,5463,MN
MN0803,female,50t64,8669,MN
MN0803,male,50t64,6149,MN
MN0901,female,50t64,1981,MN
MN0901,male,50t64,2593,MN
MN0902,female,50t64,2009,MN
MN0902,male,50t64,1907,MN
MN0903,female,50t64,4389,MN
MN0903,male,50t64,5319,MN
MN1001,female,50t64,4208,MN
MN1001,male,50t64,5079,MN
MN1002,female,50t64,7651,MN
MN1002,male,50t64,7619,MN
MN1101,female,50t64,6068,MN
MN1101,male,50t64,5210,MN
MN1102,female,50t64,5293,MN
MN1102,male,50t64,5711,MN
MN1201,female,50t64,6463,MN
MN1201,male,50t64,7142,MN
MN1202,female,50t64,8206,MN
MN1202,male,50t64,7102,MN
MN1203,female,50t64,4202,MN
MN1203,male,50t64,4167,MN
QN0101,female,50t64,3712,QN
QN0101,male,50t64,4374,QN
QN0102,female,50t64,1077,QN
QN0102,male,50t64,1224,QN
QN0103,female,50t64,3341,QN
QN0103,male,50t64,3490,QN
QN0104,female,50t64,3402,QN
QN0104,male,50t64,3308,QN
QN0105,female,50t64,2574,QN
QN0105,male,50t64,2385,QN
QN0201,female,50t64,1018,QN
QN0201,male,50t64,928,QN
QN0202,female,50t64,4211,QN
QN0202,male,50t64,3719,QN
QN0203,female,50t64,4144,QN
QN0203,male,50t64,4843,QN
QN0301,female,50t64,8922,QN
QN0301,male,50t64,10222,QN
QN0302,female,50t64,2663,QN
QN0302,male,50t64,2737,QN
QN0303,female,50t64,3209,QN
QN0303,male,50t64,3208,QN
QN0401,female,50t64,10001,QN
QN0401,male,50t64,9686,QN
QN0402,female,50t64,5466,QN
QN0402,male,50t64,6138,QN
QN0501,female,50t64,5179,QN
QN0501,male,50t64,5411,QN
QN0502,female,50t64,6708,QN
QN0502,male,50t64,6981,QN
QN0503,female,50t64,3918,QN
QN0503,male,50t64,3718,QN
QN0504,female,50t64,3804,QN
QN0504,male,50t64,3849,QN
QN0601,female,50t64,2904,QN
QN0601,male,50t64,3407,QN
QN0602,female,50t64,9156,QN
QN0602,male,50t64,10365,QN
QN0701,female,50t64,2400,QN
QN0701,male,50t64,3141,QN
QN0702,female,50t64,3054,QN
QN0702,male,50t64,3484,QN
QN0703,female,50t64,2637,QN
QN0703,male,50t64,2156,QN
QN0704,female,50t64,6162,QN
QN0704,male,50t64,7118,QN
QN0705,female,50t64,3245,QN
QN0705,male,50t64,3658,QN
QN0706,female,50t64,1809,QN
QN0706,male,50t64,1951,QN
QN0707,female,50t64,6945,QN
QN0707,male,50t64,7113,QN
QN0801,female,50t64,2862,QN
QN0801,male,50t64,3187,QN
QN0802,female,50t64,4126,QN
QN0802,male,50t64,3778,QN
QN0803,female,50t64,2365,QN
QN0803,male,50t64,2902,QN
QN0804,female,50t64,2479,QN
QN0804,male,50t64,3407,QN
QN0805,female,50t64,3140,QN
QN0805,male,50t64,4573,QN
QN0901,female,50t64,2238,QN
QN0901,male,50t64,2442,QN
QN0902,female,50t64,3576,QN
QN0902,male,50t64,3661,QN
QN0903,female,50t64,2169,QN
QN0903,male,50t64,3449,QN
QN0904,female,50t64,2645,QN
QN0904,male,50t64,2899,QN
QN0905,female,50t64,3867,QN
QN0905,male,50t64,4726,QN
QN1001,female,50t64,9599,QN
QN1001,male,50t64,10736,QN
QN1002,female,50t64,3211,QN
QN1002,male,50t64,2451,QN
QN1003,female,50t64,3057,QN
QN1003,male,50t64,3530,QN
QN1101,female,50t64,3763,QN
QN1101,male,50t64,3948,QN
QN1102,female,50t64,3958,QN
QN1102,male,50t64,4517,QN
QN1103,female,50t64,3316,QN
QN1103,male,50t64,3382,QN
QN1104,female,50t64,3159,QN
QN1104,male,50t64,3393,QN
QN1201,female,50t64,6039,QN
QN1201,male,50t64,5596,QN
QN1202,female,50t64,4236,QN
QN1202,male,50t64,4037,QN
QN1203,female,50t64,4654,QN
QN1203,male,50t64,4542,QN
QN1204,female,50t64,3463,QN
QN1204,male,50t64,3560,QN
QN1205,female,50t64,7303,QN
QN1205,male,50t64,6022,QN
QN1206,female,50t64,2412,QN
QN1206,male,50t64,2808,QN
QN1301,female,50t64,2817,QN
QN1301,male,50t64,2065,QN
QN1302,female,50t64,2178,QN
QN1302,male,50t64,3855,QN
QN1303,female,50t64,6572,QN
QN1303,male,50t64,6262,QN
QN1304,female,50t64,2669,QN
QN1304,male,50t64,2712,QN
QN1305,female,50t64,2738,QN
QN1305,male,50t64,3331,QN
QN1306,female,50t64,2460,QN
QN1306,male,50t64,2353,QN
QN1307,female,50t64,2605,QN
QN1307,male,50t64,3301,QN
QN1401,female,50t64,5534,QN
QN1401,male,50t64,5445,QN
QN1402,female,50t64,4535,QN
QN1402,male,50t64,4608,QN
QN1403,female,50t64,3728,QN
QN1403,male,50t64,2941,QN
SI0101,female,50t64,1822,SI
SI0101,male,50t64,1865,SI
SI0102,female,50t64,1932,SI
SI0102,male,50t64,1740,SI
SI0103,female,50t64,2736,SI
SI0103,male,50t64,3160,SI
SI0104,female,50t64,3917,SI
SI0104,male,50t64,3688,SI
SI0105,female,50t64,2696,SI
SI0105,male,50t64,3815,SI
SI0106,female,50t64,1732,SI
SI0106,male,50t64,2168,SI
SI0107,female,50t64,2743,SI
SI0107,male,50t64,3378,SI
SI0201,female,50t64,3293,SI
SI0201,male,50t64,4277,SI
SI0202,female,50t64,3229,SI
SI0202,male,50t64,2992,SI
SI0203,female,50t64,3249,SI
SI0203,male,50t64,2951,SI
SI0204,female,50t64,4759,SI
SI0204,male,50t64,4446,SI
SI0301,female,50t64,2472,SI
SI0301,male,50t64,2393,SI
SI0302,female,50t64,7104,SI
SI0302,male,50t64,5718,SI
SI0303,female,50t64,2734,SI
SI0303,male,50t64,3436,SI
SI0304,female,50t64,4153,SI
SI0304,male,50t64,4758,SI
SI0305,female,50t64,2224,SI
SI0305,male,50t64,2179,SI
QN0151,female,50t64,0,QN
QN0151,male,50t64,863,QN
BK0261,female,50t64,0,BK
BK0261,male,50t64,0,BK
BK1061,female,50t64,93,BK
BK1061,male,50t64,117,BK
BX1161,female,50t64,88,BX
BX1161,male,50t64,0,BX
MN0661,female,50t64,0,MN
MN0661,male,50t64,0,MN
QN0161,female,50t64,0,QN
QN0161,male,50t64,0,QN
QN0261,female,50t64,0,QN
QN0261,male,50t64,0,QN
QN0761,female,50t64,0,QN
QN0761,male,50t64,0,QN
SI9561,female,50t64,4,SI
SI9561,male,50t64,9,SI
BK0471,female,50t64,0,BK
BK0471,male,50t64,0,BK
BK0571,female,50t64,0,BK
BK0571,male,50t64,0,BK
BK0771,female,50t64,0,BK
BK0771,male,50t64,0,BK
BK1771,female,50t64,0,BK
BK1771,male,50t64,0,BK
BX1071,female,50t64,0,BX
BX1071,male,50t64,0,BX
BX1271,female,50t64,0,BX
BX1271,male,50t64,0,BX
QN0171,female,50t64,0,QN
QN0171,male,50t64,0,QN
QN0271,female,50t64,0,QN
QN0271,male,50t64,0,QN
QN0571,female,50t64,14,QN
QN0571,male,50t64,0,QN
QN0572,female,50t64,0,QN
QN0572,male,50t64,0,QN
QN0573,female,50t64,0,QN
QN0573,male,50t64,0,QN
QN0574,female,50t64,4,QN
QN0574,male,50t64,0,QN
QN0871,female,50t64,0,QN
QN0871,male,50t64,0,QN
QN1371,female,50t64,0,QN
QN1371,male,50t64,0,QN
QN8081,female,50t64,0,QN
QN8081,male,50t64,0,QN
QN8381,female,50t64,0,QN
QN8381,male,50t64,0,QN
BK0891,female,50t64,0,BK
BK0891,male,50t64,0,BK
BK1091,female,50t64,0,BK
BK1091,male,50t64,0,BK
BK1391,female,50t64,0,BK
BK1391,male,50t64,0,BK
BK1891,female,50t64,0,BK
BK1891,male,50t64,0,BK
BK1892,female,50t64,0,BK
BK1892,male,50t64,0,BK
BK1893,female,50t64,0,BK
BK1893,male,50t64,0,BK
BK5591,female,50t64,0,BK
BK5591,male,50t64,0,BK
BK5691,female,50t64,0,BK
BK5691,male,50t64,0,BK
BK5692,female,50t64,0,BK
BK5692,male,50t64,0,BK
BK5693,female,50t64,0,BK
BK5693,male,50t64,0,BK
BX0291,female,50t64,0,BX
BX0291,male,50t64,0,BX
BX0391,female,50t64,0,BX
BX0391,male,50t64,0,BX
BX0491,female,50t64,0,BX
BX0491,male,50t64,0,BX
BX0492,female,50t64,0,BX
BX0492,male,50t64,0,BX
BX0991,female,50t64,0,BX
BX0991,male,50t64,0,BX
BX1091,female,50t64,0,BX
BX1091,male,50t64,0,BX
BX2691,female,50t64,0,BX
BX2691,male,50t64,0,BX
BX2791,female,50t64,5,BX
BX2791,male,50t64,0,BX
BX2891,female,50t64,5,BX
BX2891,male,50t64,4,BX
MN0191,female,50t64,0,MN
MN0191,male,50t64,0,MN
MN1191,female,50t64,403,MN
MN1191,male,50t64,80,MN
MN1291,female,50t64,0,MN
MN1291,male,50t64,0,MN
MN1292,female,50t64,5,MN
MN1292,male,50t64,0,MN
MN6491,female,50t64,0,MN
MN6491,male,50t64,0,MN
QN0191,female,50t64,0,QN
QN0191,male,50t64,0,QN
QN0791,female,50t64,0,QN
QN0791,male,50t64,0,QN
QN0891,female,50t64,0,QN
QN0891,male,50t64,0,QN
QN1091,female,50t64,0,QN
QN1091,male,50t64,0,QN
QN1191,female,50t64,4,QN
QN1191,male,50t64,0,QN
QN1491,female,50t64,0,QN
QN1491,male,50t64,0,QN
QN8191,female,50t64,0,QN
QN8191,male,50t64,0,QN
QN8291,female,50t64,0,QN
QN8291,male,50t64,0,QN
QN8491,female,50t64,0,QN
QN8491,male,50t64,0,QN
QN8492,female,50t64,5,QN
QN8492,male,50t64,0,QN
SI0191,female,50t64,0,SI
SI0191,male,50t64,0,SI
SI0291,female,50t64,0,SI
SI0291,male,50t64,0,SI
SI0391,female,50t64,9,SI
SI0391,male,50t64,0,SI
SI9591,female,50t64,0,SI
SI9591,male,50t64,0,SI
SI9592,female,50t64,0,SI
SI9592,male,50t64,37,SI
SI9593,female,50t64,0,SI
SI9593,male,50t64,0,SI
BK0101,female,65A,2174,BK
BK0101,male,65A,1736,BK
BK0102,female,65A,2509,BK
BK0102,male,65A,2297,BK
BK0103,female,65A,2079,BK
BK0103,male,65A,1835,BK
BK0104,female,65A,3817,BK
BK0104,male,65A,2128,BK
BK0201,female,65A,2271,BK
BK0201,male,65A,1670,BK
BK0202,female,65A,1874,BK
BK0202,male,65A,1313,BK
BK0203,female,65A,2484,BK
BK0203,male,65A,1490,BK
BK0204,female,65A,2285,BK
BK0204,male,65A,1125,BK
BK0301,female,65A,4030,BK
BK0301,male,65A,2356,BK
BK0302,female,65A,7068,BK
BK0302,male,65A,4331,BK
BK0401,female,65A,2334,BK
BK0401,male,65A,1581,BK
BK0402,female,65A,4111,BK
BK0402,male,65A,2616,BK
BK0501,female,65A,2620,BK
BK0501,male,65A,2032,BK
BK0502,female,65A,2950,BK
BK0502,male,65A,2298,BK
BK0503,female,65A,4497,BK
BK0503,male,65A,3009,BK
BK0504,female,65A,2490,BK
BK0504,male,65A,1578,BK
BK0505,female,65A,3685,BK
BK0505,male,65A,2365,BK
BK0601,female,65A,3669,BK
BK0601,male,65A,2941,BK
BK0602,female,65A,3792,BK
BK0602,male,65A,3268,BK
BK0701,female,65A,1926,BK
BK0701,male,65A,1714,BK
BK0702,female,65A,2923,BK
BK0702,male,65A,2250,BK
BK0703,female,65A,3124,BK
BK0703,male,65A,2346,BK
BK0801,female,65A,1776,BK
BK0801,male,65A,1458,BK
BK0802,female,65A,6244,BK
BK0802,male,65A,3859,BK
BK0901,female,65A,4876,BK
BK0901,male,65A,2766,BK
BK0902,female,65A,5160,BK
BK0902,male,65A,3162,BK
BK1001,female,65A,8936,BK
BK1001,male,65A,6313,BK
BK1002,female,65A,4337,BK
BK1002,male,65A,3561,BK
BK1101,female,65A,8854,BK
BK1101,male,65A,7041,BK
BK1102,female,65A,3518,BK
BK1102,male,65A,2433,BK
BK1103,female,65A,5246,BK
BK1103,male,65A,4379,BK
BK1201,female,65A,2337,BK
BK1201,male,65A,1857,BK
BK1202,female,65A,4571,BK
BK1202,male,65A,4021,BK
BK1203,female,65A,3048,BK
BK1203,male,65A,2048,BK
BK1204,female,65A,3290,BK
BK1204,male,65A,2564,BK
BK1301,female,65A,3569,BK
BK1301,male,65A,2542,BK
BK1302,female,65A,9012,BK
BK1302,male,65A,5594,BK
BK1303,female,65A,5070,BK
BK1303,male,65A,3408,BK
BK1401,female,65A,5211,BK
BK1401,male,65A,2943,BK
BK1402,female,65A,3803,BK
BK1402,male,65A,2697,BK
BK1403,female,65A,4860,BK
BK1403,male,65A,4706,BK
BK1501,female,65A,4714,BK
BK1501,male,65A,3469,BK
BK1502,female,65A,4879,BK
BK1502,male,65A,3695,BK
BK1503,female,65A,8422,BK
BK1503,male,65A,6779,BK
BK1601,female,65A,2535,BK
BK1601,male,65A,1927,BK
BK1602,female,65A,4149,BK
BK1602,male,65A,2185,BK
BK1701,female,65A,3631,BK
BK1701,male,65A,2095,BK
BK1702,female,65A,4241,BK
BK1702,male,65A,3133,BK
BK1703,female,65A,4251,BK
BK1703,male,65A,2661,BK
BK1704,female,65A,3557,BK
BK1704,male,65A,2522,BK
BK1801,female,65A,7405,BK
BK1801,male,65A,5318,BK
BK1802,female,65A,5094,BK
BK1802,male,65A,4303,BK
BK1803,female,65A,8501,BK
BK1803,male,65A,5122,BK
BX0101,female,65A,3709,BX
BX0101,male,65A,1737,BX
BX0102,female,65A,2411,BX
BX0102,male,65A,1508,BX
BX0201,female,65A,1036,BX
BX0201,male,65A,514,BX
BX0202,female,65A,2466,BX
BX0202,male,65A,1844,BX
BX0301,female,65A,1982,BX
BX0301,male,65A,1099,BX
BX0302,female,65A,1382,BX
BX0302,male,65A,843,BX
BX0303,female,65A,1832,BX
BX0303,male,65A,1370,BX
BX0401,female,65A,5335,BX
BX0401,male,65A,3241,BX
BX0402,female,65A,1659,BX
BX0402,male,65A,1016,BX
BX0403,female,65A,3375,BX
BX0403,male,65A,2258,BX
BX0501,female,65A,3021,BX
BX0501,male,65A,1964,BX
BX0502,female,65A,2551,BX
BX0502,male,65A,2087,BX
BX0503,female,65A,1109,BX
BX0503,male,65A,1030,BX
BX0601,female,65A,1407,BX
BX0601,male,65A,844,BX
BX0602,female,65A,2039,BX
BX0602,male,65A,1233,BX
BX0603,female,65A,2013,BX
BX0603,male,65A,1018,BX
BX0701,female,65A,3587,BX
BX0701,male,65A,1889,BX
BX0702,female,65A,3433,BX
BX0702,male,65A,2568,BX
BX0703,female,65A,2012,BX
BX0703,male,65A,1625,BX
BX0801,female,65A,3235,BX
BX0801,male,65A,2624,BX
BX0802,female,65A,2182,BX
BX0802,male,65A,1515,BX
BX0803,female,65A,8382,BX
BX0803,male,65A,5426,BX
BX0901,female,65A,5457,BX
BX0901,male,65A,3190,BX
BX0902,female,65A,3151,BX
BX0902,male,65A,2357,BX
BX0903,female,65A,3761,BX
BX0903,male,65A,2305,BX
BX0904,female,65A,2423,BX
BX0904,male,65A,1873,BX
BX1001,female,65A,1428,BX
BX1001,male,65A,864,BX
BX1002,female,65A,4279,BX
BX1002,male,65A,3124,BX
BX1003,female,65A,2846,BX
BX1003,male,65A,2574,BX
BX1004,female,65A,6732,BX
BX1004,male,65A,3593,BX
BX1101,female,65A,1991,BX
BX1101,male,65A,1520,BX
BX1102,female,65A,2357,BX
BX1102,male,65A,1685,BX
BX1103,female,65A,3390,BX
BX1103,male,65A,2729,BX
BX1104,female,65A,3143,BX
BX1104,male,65A,2165,BX
BX1201,female,65A,4457,BX
BX1201,male,65A,3280,BX
BX1202,female,65A,5337,BX
BX1202,male,65A,3093,BX
BX1203,female,65A,4739,BX
BX1203,male,65A,2941,BX
MN0101,female,65A,2689,MN
MN0101,male,65A,1372,MN
MN0102,female,65A,1452,MN
MN0102,male,65A,1241,MN
MN0201,female,65A,2277,MN
MN0201,male,65A,1767,MN
MN0202,female,65A,3385,MN
MN0202,male,65A,2341,MN
MN0203,female,65A,2833,MN
MN0203,male,65A,2502,MN
MN0301,female,65A,5769,MN
MN0301,male,65A,5218,MN
MN0302,female,65A,5512,MN
MN0302,male,65A,3861,MN
MN0303,female,65A,5054,MN
MN0303,male,65A,4446,MN
MN0401,female,65A,4968,MN
MN0401,male,65A,4031,MN
MN0402,female,65A,4313,MN
MN0402,male,65A,4709,MN
MN0501,female,65A,1729,MN
MN0501,male,65A,1526,MN
MN0502,female,65A,1855,MN
MN0502,male,65A,2238,MN
MN0601,female,65A,2066,MN
MN0601,male,65A,1558,MN
MN0602,female,65A,2031,MN
MN0602,male,65A,1434,MN
MN0603,female,65A,5854,MN
MN0603,male,65A,3378,MN
MN0604,female,65A,7065,MN
MN0604,male,65A,4868,MN
MN0701,female,65A,8168,MN
MN0701,male,65A,5629,MN
MN0702,female,65A,12753,MN
MN0702,male,65A,8465,MN
MN0703,female,65A,6000,MN
MN0703,male,65A,4695,MN
MN0801,female,65A,8930,MN
MN0801,male,65A,6257,MN
MN0802,female,65A,9125,MN
MN0802,male,65A,6996,MN
MN0803,female,65A,9363,MN
MN0803,male,65A,6807,MN
MN0901,female,65A,2643,MN
MN0901,male,65A,2371,MN
MN0902,female,65A,1764,MN
MN0902,male,65A,996,MN
MN0903,female,65A,3669,MN
MN0903,male,65A,2445,MN
MN1001,female,65A,3400,MN
MN1001,male,65A,1928,MN
MN1002,female,65A,6502,MN
MN1002,male,65A,3834,MN
MN1101,female,65A,6992,MN
MN1101,male,65A,3290,MN
MN1102,female,65A,5857,MN
MN1102,male,65A,2897,MN
MN1201,female,65A,8003,MN
MN1201,male,65A,4520,MN
MN1202,female,65A,7618,MN
MN1202,male,65A,5746,MN
MN1203,female,65A,3782,MN
MN1203,male,65A,1930,MN
QN0101,female,65A,3671,QN
QN0101,male,65A,3151,QN
QN0102,female,65A,972,QN
QN0102,male,65A,779,QN
QN0103,female,65A,3347,QN
QN0103,male,65A,2185,QN
QN0104,female,65A,2603,QN
QN0104,male,65A,1854,QN
QN0105,female,65A,2408,QN
QN0105,male,65A,1408,QN
QN0201,female,65A,568,QN
QN0201,male,65A,715,QN
QN0202,female,65A,3877,QN
QN0202,male,65A,3210,QN
QN0203,female,65A,4985,QN
QN0203,male,65A,3350,QN
QN0301,female,65A,8676,QN
QN0301,male,65A,6816,QN
QN0302,female,65A,2034,QN
QN0302,male,65A,1460,QN
QN0303,female,65A,1969,QN
QN0303,male,65A,1443,QN
QN0401,female,65A,7736,QN
QN0401,male,65A,5882,QN
QN0402,female,65A,4696,QN
QN0402,male,65A,3330,QN
QN0501,female,65A,3266,QN
QN0501,male,65A,2150,QN
QN0502,female,65A,4145,QN
QN0502,male,65A,2988,QN
QN0503,female,65A,3167,QN
QN0503,male,65A,2173,QN
QN0504,female,65A,4213,QN
QN0504,male,65A,3391,QN
QN0601,female,65A,3492,QN
QN0601,male,65A,2487,QN
QN0602,female,65A,10381,QN
QN0602,male,65A,7959,QN
QN0701,female,65A,3142,QN
QN0701,male,65A,2775,QN
QN0702,female,65A,4050,QN
QN0702,male,65A,3707,QN
QN0703,female,65A,3791,QN
QN0703,male,65A,2569,QN
QN0704,female,65A,5803,QN
QN0704,male,65A,4596,QN
QN0705,female,65A,3807,QN
QN0705,male,65A,3444,QN
QN0706,female,65A,1873,QN
QN0706,male,65A,1701,QN
QN0707,female,65A,7468,QN
QN0707,male,65A,4835,QN
QN0801,female,65A,3188,QN
QN0801,male,65A,2608,QN
QN0802,female,65A,3554,QN
QN0802,male,65A,2348,QN
QN0803,female,65A,2075,QN
QN0803,male,65A,1923,QN
QN0804,female,65A,2722,QN
QN0804,male,65A,1994,QN
QN0805,female,65A,3559,QN
QN0805,male,65A,2432,QN
QN0901,female,65A,2508,QN
QN0901,male,65A,1665,QN
QN0902,female,65A,2764,QN
QN0902,male,65A,2411,QN
QN0903,female,65A,1606,QN
QN0903,male,65A,1277,QN
QN0904,female,65A,1588,QN
QN0904,male,65A,1685,QN
QN0905,female,65A,2838,QN
QN0905,male,65A,2694,QN
QN1001,female,65A,6910,QN
QN1001,male,65A,5562,QN
QN1002,female,65A,1833,QN
QN1002,male,65A,1311,QN
QN1003,female,65A,4558,QN
QN1003,male,65A,2876,QN
QN1101,female,65A,4506,QN
QN1101,male,65A,3249,QN
QN1102,female,65A,3648,QN
QN1102,male,65A,3407,QN
QN1103,female,65A,3649,QN
QN1103,male,65A,2972,QN
QN1104,female,65A,3373,QN
QN1104,male,65A,2238,QN
QN1201,female,65A,4242,QN
QN1201,male,65A,3962,QN
QN1202,female,65A,3557,QN
QN1202,male,65A,2263,QN
QN1203,female,65A,3682,QN
QN1203,male,65A,2256,QN
QN1204,female,65A,3959,QN
QN1204,male,65A,1524,QN
QN1205,female,65A,4936,QN
QN1205,male,65A,3142,QN
QN1206,female,65A,2003,QN
QN1206,male,65A,1776,QN
QN1301,female,65A,4120,QN
QN1301,male,65A,3171,QN
QN1302,female,65A,3439,QN
QN1302,male,65A,2870,QN
QN1303,female,65A,6089,QN
QN1303,male,65A,4882,QN
QN1304,female,65A,2705,QN
QN1304,male,65A,1918,QN
QN1305,female,65A,2799,QN
QN1305,male,65A,2059,QN
QN1306,female,65A,2029,QN
QN1306,male,65A,1274,QN
QN1307,female,65A,2551,QN
QN1307,male,65A,1700,QN
QN1401,female,65A,5519,QN
QN1401,male,65A,3850,QN
QN1402,female,65A,3354,QN
QN1402,male,65A,2561,QN
QN1403,female,65A,3057,QN
QN1403,male,65A,2481,QN
SI0101,female,65A,1693,SI
SI0101,male,65A,1241,SI
SI0102,female,65A,1198,SI
SI0102,male,65A,1000,SI
SI0103,female,65A,2044,SI
SI0103,male,65A,1497,SI
SI0104,female,65A,2764,SI
SI0104,male,65A,2441,SI
SI0105,female,65A,3175,SI
SI0105,male,65A,2261,SI
SI0106,female,65A,1224,SI
SI0106,male,65A,789,SI
SI0107,female,65A,2437,SI
SI0107,male,65A,1743,SI
SI0201,female,65A,3474,SI
SI0201,male,65A,2970,SI
SI0202,female,65A,2610,SI
SI0202,male,65A,2034,SI
SI0203,female,65A,4337,SI
SI0203,male,65A,2976,SI
SI0204,female,65A,4152,SI
SI0204,male,65A,3480,SI
SI0301,female,65A,2449,SI
SI0301,male,65A,1861,SI
SI0302,female,65A,5477,SI
SI0302,male,65A,4609,SI
SI0303,female,65A,2981,SI
SI0303,male,65A,1945,SI
SI0304,female,65A,3906,SI
SI0304,male,65A,3157,SI
SI0305,female,65A,1285,SI
SI0305,male,65A,1099,SI
QN0151,female,65A,24,QN
QN0151,male,65A,66,QN
BK0261,female,65A,0,BK
BK0261,male,65A,0,BK
BK1061,female,65A,25,BK
BK1061,male,65A,4,BK
BX1161,female,65A,162,BX
BX1161,male,65A,124,BX
MN0661,female,65A,0,MN
MN0661,male,65A,0,MN
QN0161,female,65A,0,QN
QN0161,male,65A,0,QN
QN0261,female,65A,0,QN
QN0261,male,65A,0,QN
QN0761,female,65A,0,QN
QN0761,male,65A,0,QN
SI9561,female,65A,7,SI
SI9561,male,65A,3,SI
BK0471,female,65A,0,BK
BK0471,male,65A,0,BK
BK0571,female,65A,0,BK
BK0571,male,65A,0,BK
BK0771,female,65A,0,BK
BK0771,male,65A,0,BK
BK1771,female,65A,0,BK
BK1771,male,65A,0,BK
BX1071,female,65A,0,BX
BX1071,male,65A,0,BX
BX1271,female,65A,0,BX
BX1271,male,65A,0,BX
QN0171,female,65A,0,QN
QN0171,male,65A,0,QN
QN0271,female,65A,0,QN
QN0271,male,65A,0,QN
QN0571,female,65A,0,QN
QN0571,male,65A,0,QN
QN0572,female,65A,0,QN
QN0572,male,65A,0,QN
QN0573,female,65A,0,QN
QN0573,male,65A,0,QN
QN0574,female,65A,4,QN
QN0574,male,65A,4,QN
QN0871,female,65A,0,QN
QN0871,male,65A,0,QN
QN1371,female,65A,0,QN
QN1371,male,65A,0,QN
QN8081,female,65A,0,QN
QN8081,male,65A,0,QN
QN8381,female,65A,0,QN
QN8381,male,65A,0,QN
BK0891,female,65A,0,BK
BK0891,male,65A,0,BK
BK1091,female,65A,0,BK
BK1091,male,65A,0,BK
BK1391,female,65A,0,BK
BK1391,male,65A,0,BK
BK1891,female,65A,0,BK
BK1891,male,65A,0,BK
BK1892,female,65A,0,BK
BK1892,male,65A,0,BK
BK1893,female,65A,0,BK
BK1893,male,65A,0,BK
BK5591,female,65A,0,BK
BK5591,male,65A,0,BK
BK5691,female,65A,0,BK
BK5691,male,65A,0,BK
BK5692,female,65A,0,BK
BK5692,male,65A,0,BK
BK5693,female,65A,0,BK
BK5693,male,65A,0,BK
BX0291,female,65A,0,BX
BX0291,male,65A,0,BX
BX0391,female,65A,0,BX
BX0391,male,65A,0,BX
BX0491,female,65A,0,BX
BX0491,male,65A,0,BX
BX0492,female,65A,0,BX
BX0492,male,65A,0,BX
BX0991,female,65A,0,BX
BX0991,male,65A,0,BX
BX1091,female,65A,0,BX
BX1091,male,65A,0,BX
BX2691,female,65A,0,BX
BX2691,male,65A,0,BX
BX2791,female,65A,0,BX
BX2791,male,65A,5,BX
BX2891,female,65A,6,BX
BX2891,male,65A,1,BX
MN0191,female,65A,0,MN
MN0191,male,65A,0,MN
MN1191,female,65A,0,MN
MN1191,male,65A,91,MN
MN1291,female,65A,0,MN
MN1291,male,65A,0,MN
MN1292,female,65A,3,MN
MN1292,male,65A,0,MN
MN6491,female,65A,0,MN
MN6491,male,65A,0,MN
QN0191,female,65A,0,QN
QN0191,male,65A,0,QN
QN0791,female,65A,0,QN
QN0791,male,65A,0,QN
QN0891,female,65A,0,QN
QN0891,male,65A,0,QN
QN1091,female,65A,0,QN
QN1091,male,65A,0,QN
QN1191,female,65A,0,QN
QN1191,male,65A,38,QN
QN1491,female,65A,0,QN
QN1491,male,65A,0,QN
QN8191,female,65A,0,QN
QN8191,male,65A,0,QN
QN8291,female,65A,0,QN
QN8291,male,65A,0,QN
QN8491,female,65A,0,QN
QN8491,male,65A,0,QN
QN8492,female,65A,4,QN
QN8492,male,65A,4,QN
SI0191,female,65A,0,SI
SI0191,male,65A,0,SI
SI0291,female,65A,0,SI
SI0291,male,65A,0,SI
SI0391,female,65A,0,SI
SI0391,male,65A,0,SI
SI9591,female,65A,0,SI
SI9591,male,65A,0,SI
SI9592,female,65A,0,SI
SI9592,male,65A,0,SI
SI9593,female,65A,0,SI
SI9593,male,65A,0,SI
BK0101,female,U19,2496,BK
BK0101,male,U19,2445,BK
BK0102,female,U19,6321,BK
BK0102,male,U19,5857,BK
BK0103,female,U19,12839,BK
BK0103,male,U19,13202,BK
BK0104,female,U19,4288,BK
BK0104,male,U19,5176,BK
BK0201,female,U19,2350,BK
BK0201,male,U19,2703,BK
BK0202,female,U19,3877,BK
BK0202,male,U19,4002,BK
BK0203,female,U19,3948,BK
BK0203,male,U19,3658,BK
BK0204,female,U19,2155,BK
BK0204,male,U19,2362,BK
BK0301,female,U19,12036,BK
BK0301,male,U19,12036,BK
BK0302,female,U19,10245,BK
BK0302,male,U19,9764,BK
BK0401,female,U19,4763,BK
BK0401,male,U19,4782,BK
BK0402,female,U19,6838,BK
BK0402,male,U19,6622,BK
BK0501,female,U19,6064,BK
BK0501,male,U19,6161,BK
BK0502,female,U19,6581,BK
BK0502,male,U19,7331,BK
BK0503,female,U19,7156,BK
BK0503,male,U19,6526,BK
BK0504,female,U19,1510,BK
BK0504,male,U19,2000,BK
BK0505,female,U19,7382,BK
BK0505,male,U19,7806,BK
BK0601,female,U19,8032,BK
BK0601,male,U19,7237,BK
BK0602,female,U19,7036,BK
BK0602,male,U19,6239,BK
BK0701,female,U19,3171,BK
BK0701,male,U19,3406,BK
BK0702,female,U19,6463,BK
BK0702,male,U19,6619,BK
BK0703,female,U19,6051,BK
BK0703,male,U19,6222,BK
BK0801,female,U19,2421,BK
BK0801,male,U19,1796,BK
BK0802,female,U19,8147,BK
BK0802,male,U19,8931,BK
BK0901,female,U19,5604,BK
BK0901,male,U19,7160,BK
BK0902,female,U19,4476,BK
BK0902,male,U19,4458,BK
BK1001,female,U19,8366,BK
BK1001,male,U19,9939,BK
BK1002,female,U19,4588,BK
BK1002,male,U19,5472,BK
BK1101,female,U19,12097,BK
BK1101,male,U19,11999,BK
BK1102,female,U19,3922,BK
BK1102,male,U19,4660,BK
BK1103,female,U19,7169,BK
BK1103,male,U19,7461,BK
BK1201,female,U19,4356,BK
BK1201,male,U19,4662,BK
BK1202,female,U19,20384,BK
BK1202,male,U19,21130,BK
BK1203,female,U19,4310,BK
BK1203,male,U19,6601,BK
BK1204,female,U19,6314,BK
BK1204,male,U19,7321,BK
BK1301,female,U19,3200,BK
BK1301,male,U19,3439,BK
BK1302,female,U19,5271,BK
BK1302,male,U19,6237,BK
BK1303,female,U19,3041,BK
BK1303,male,U19,3113,BK
BK1401,female,U19,8150,BK
BK1401,male,U19,7227,BK
BK1402,female,U19,4851,BK
BK1402,male,U19,5361,BK
BK1403,female,U19,7371,BK
BK1403,male,U19,9193,BK
BK1501,female,U19,7617,BK
BK1501,male,U19,7802,BK
BK1502,female,U19,4954,BK
BK1502,male,U19,5497,BK
BK1503,female,U19,6934,BK
BK1503,male,U19,7572,BK
BK1601,female,U19,4928,BK
BK1601,male,U19,5784,BK
BK1602,female,U19,5996,BK
BK1602,male,U19,5668,BK
BK1701,female,U19,4959,BK
BK1701,male,U19,5119,BK
BK1702,female,U19,3727,BK
BK1702,male,U19,3894,BK
BK1703,female,U19,4177,BK
BK1703,male,U19,4635,BK
BK1704,female,U19,4366,BK
BK1704,male,U19,3839,BK
BK1801,female,U19,8222,BK
BK1801,male,U19,9573,BK
BK1802,female,U19,5983,BK
BK1802,male,U19,5887,BK
BK1803,female,U19,11439,BK
BK1803,male,U19,11576,BK
BX0101,female,U19,8536,BX
BX0101,male,U19,8778,BX
BX0102,female,U19,6836,BX
BX0102,male,U19,6918,BX
BX0201,female,U19,2088,BX
BX0201,male,U19,2271,BX
BX0202,female,U19,5371,BX
BX0202,male,U19,7003,BX
BX0301,female,U19,5141,BX
BX0301,male,U19,5749,BX
BX0302,female,U19,4185,BX
BX0302,male,U19,3908,BX
BX0303,female,U19,3831,BX
BX0303,male,U19,4337,BX
BX0401,female,U19,9592,BX
BX0401,male,U19,8236,BX
BX0402,female,U19,5427,BX
BX0402,male,U19,5784,BX
BX0403,female,U19,8539,BX
BX0403,male,U19,7945,BX
BX0501,female,U19,7988,BX
BX0501,male,U19,8899,BX
BX0502,female,U19,7660,BX
BX0502,male,U19,7358,BX
BX0503,female,U19,5209,BX
BX0503,male,U19,5967,BX
BX0601,female,U19,2516,BX
BX0601,male,U19,3013,BX
BX0602,female,U19,5355,BX
BX0602,male,U19,4863,BX
BX0603,female,U19,6777,BX
BX0603,male,U19,5634,BX
BX0701,female,U19,6141,BX
BX0701,male,U19,7150,BX
BX0702,female,U19,8232,BX
BX0702,male,U19,7813,BX
BX0703,female,U19,6334,BX
BX0703,male,U19,5505,BX
BX0801,female,U19,4429,BX
BX0801,male,U19,4874,BX
BX0802,female,U19,3436,BX
BX0802,male,U19,3590,BX
BX0803,female,U19,4892,BX
BX0803,male,U19,5405,BX
BX0901,female,U19,8896,BX
BX0901,male,U19,10317,BX
BX0902,female,U19,4710,BX
BX0902,male,U19,5397,BX
BX0903,female,U19,4858,BX
BX0903,male,U19,5390,BX
BX0904,female,U19,3504,BX
BX0904,male,U19,4513,BX
BX1001,female,U19,2058,BX
BX1001,male,U19,2377,BX
BX1002,female,U19,6122,BX
BX1002,male,U19,6474,BX
BX1003,female,U19,2271,BX
BX1003,male,U19,3656,BX
BX1004,female,U19,2732,BX
BX1004,male,U19,2958,BX
BX1101,female,U19,4029,BX
BX1101,male,U19,3965,BX
BX1102,female,U19,2327,BX
BX1102,male,U19,2510,BX
BX1103,female,U19,3224,BX
BX1103,male,U19,3844,BX
BX1104,female,U19,4892,BX
BX1104,male,U19,4813,BX
BX1201,female,U19,8860,BX
BX1201,male,U19,8614,BX
BX1202,female,U19,7297,BX
BX1202,male,U19,7297,BX
BX1203,female,U19,5944,BX
BX1203,male,U19,4882,BX
MN0101,female,U19,4549,MN
MN0101,male,U19,3766,MN
MN0102,female,U19,2291,MN
MN0102,male,U19,2573,MN
MN0201,female,U19,1011,MN
MN0201,male,U19,1594,MN
MN0202,female,U19,2966,MN
MN0202,male,U19,2566,MN
MN0203,female,U19,1594,MN
MN0203,male,U19,1242,MN
MN0301,female,U19,2800,MN
MN0301,male,U19,3929,MN
MN0302,female,U19,2927,MN
MN0302,male,U19,3769,MN
MN0303,female,U19,4476,MN
MN0303,male,U19,5742,MN
MN0401,female,U19,3083,MN
MN0401,male,U19,3706,MN
MN0402,female,U19,1692,MN
MN0402,male,U19,2270,MN
MN0501,female,U19,2330,MN
MN0501,male,U19,1868,MN
MN0502,female,U19,1644,MN
MN0502,male,U19,562,MN
MN0601,female,U19,889,MN
MN0601,male,U19,2064,MN
MN0602,female,U19,1725,MN
MN0602,male,U19,2732,MN
MN0603,female,U19,2720,MN
MN0603,male,U19,3771,MN
MN0604,female,U19,2639,MN
MN0604,male,U19,1722,MN
MN0701,female,U19,5474,MN
MN0701,male,U19,5765,MN
MN0702,female,U19,9411,MN
MN0702,male,U19,9523,MN
MN0703,female,U19,5099,MN
MN0703,male,U19,3632,MN
MN0801,female,U19,6964,MN
MN0801,male,U19,7218,MN
MN0802,female,U19,5192,MN
MN0802,male,U19,4927,MN
MN0803,female,U19,6335,MN
MN0803,male,U19,4493,MN
MN0901,female,U19,3791,MN
MN0901,male,U19,4963,MN
MN0902,female,U19,2584,MN
MN0902,male,U19,2453,MN
MN0903,female,U19,4342,MN
MN0903,male,U19,5263,MN
MN1001,female,U19,4614,MN
MN1001,male,U19,5570,MN
MN1002,female,U19,9394,MN
MN1002,male,U19,9355,MN
MN1101,female,U19,6352,MN
MN1101,male,U19,5454,MN
MN1102,female,U19,7489,MN
MN1102,male,U19,8079,MN
MN1201,female,U19,6358,MN
MN1201,male,U19,7027,MN
MN1202,female,U19,8303,MN
MN1202,male,U19,7187,MN
MN1203,female,U19,4342,MN
MN1203,male,U19,4306,MN
QN0101,female,U19,3747,QN
QN0101,male,U19,4416,QN
QN0102,female,U19,1199,QN
QN0102,male,U19,1362,QN
QN0103,female,U19,3031,QN
QN0103,male,U19,3166,QN
QN0104,female,U19,3015,QN
QN0104,male,U19,2931,QN
QN0105,female,U19,2700,QN
QN0105,male,U19,2501,QN
QN0201,female,U19,2391,QN
QN0201,male,U19,2180,QN
QN0202,female,U19,4797,QN
QN0202,male,U19,4236,QN
QN0203,female,U19,4381,QN
QN0203,male,U19,5121,QN
QN0301,female,U19,8821,QN
QN0301,male,U19,10107,QN
QN0302,female,U19,2737,QN
QN0302,male,U19,2813,QN
QN0303,female,U19,6071,QN
QN0303,male,U19,6070,QN
QN0401,female,U19,12218,QN
QN0401,male,U19,11832,QN
QN0402,female,U19,9475,QN
QN0402,male,U19,10640,QN
QN0501,female,U19,5390,QN
QN0501,male,U19,5631,QN
QN0502,female,U19,7976,QN
QN0502,male,U19,8300,QN
QN0503,female,U19,4208,QN
QN0503,male,U19,3994,QN
QN0504,female,U19,3919,QN
QN0504,male,U19,3966,QN
QN0601,female,U19,2575,QN
QN0601,male,U19,3022,QN
QN0602,female,U19,8586,QN
QN0602,male,U19,9719,QN
QN0701,female,U19,3529,QN
QN0701,male,U19,4620,QN
QN0702,female,U19,3105,QN
QN0702,male,U19,3542,QN
QN0703,female,U19,2605,QN
QN0703,male,U19,2130,QN
QN0704,female,U19,4817,QN
QN0704,male,U19,5564,QN
QN0705,female,U19,2399,QN
QN0705,male,U19,2704,QN
QN0706,female,U19,2412,QN
QN0706,male,U19,2601,QN
QN0707,female,U19,4672,QN
QN0707,male,U19,4785,QN
QN0801,female,U19,4755,QN
QN0801,male,U19,5296,QN
QN0802,female,U19,4949,QN
QN0802,male,U19,4530,QN
QN0803,female,U19,2332,QN
QN0803,male,U19,2861,QN
QN0804,female,U19,2334,QN
QN0804,male,U19,3208,QN
QN0805,female,U19,3841,QN
QN0805,male,U19,5596,QN
QN0901,female,U19,2454,QN
QN0901,male,U19,2679,QN
QN0902,female,U19,4103,QN
QN0902,male,U19,4201,QN
QN0903,female,U19,1808,QN
QN0903,male,U19,2874,QN
QN0904,female,U19,3212,QN
QN0904,male,U19,3520,QN
QN0905,female,U19,4379,QN
QN0905,male,U19,5351,QN
QN1001,female,U19,8778,QN
QN1001,male,U19,9819,QN
QN1002,female,U19,3849,QN
QN1002,male,U19,2938,QN
QN1003,female,U19,2905,QN
QN1003,male,U19,3355,QN
QN1101,female,U19,3767,QN
QN1101,male,U19,3951,QN
QN1102,female,U19,3284,QN
QN1102,male,U19,3748,QN
QN1103,female,U19,2394,QN
QN1103,male,U19,2441,QN
QN1104,female,U19,3197,QN
QN1104,male,U19,3434,QN
QN1201,female,U19,7779,QN
QN1201,male,U19,7209,QN
QN1202,female,U19,6464,QN
QN1202,male,U19,6160,QN
QN1203,female,U19,5646,QN
QN1203,male,U19,5512,QN
QN1204,female,U19,3824,QN
QN1204,male,U19,3932,QN
QN1205,female,U19,6720,QN
QN1205,male,U19,5542,QN
QN1206,female,U19,2233,QN
QN1206,male,U19,2599,QN
QN1301,female,U19,2730,QN
QN1301,male,U19,2000,QN
QN1302,female,U19,2047,QN
QN1302,male,U19,3623,QN
QN1303,female,U19,6066,QN
QN1303,male,U19,5781,QN
QN1304,female,U19,1977,QN
QN1304,male,U19,2007,QN
QN1305,female,U19,2896,QN
QN1305,male,U19,3524,QN
QN1306,female,U19,3021,QN
QN1306,male,U19,2890,QN
QN1307,female,U19,2736,QN
QN1307,male,U19,3468,QN
QN1401,female,U19,10904,QN
QN1401,male,U19,10729,QN
QN1402,female,U19,6643,QN
QN1402,male,U19,6750,QN
QN1403,female,U19,3228,QN
QN1403,male,U19,2546,QN
SI0101,female,U19,1946,SI
SI0101,male,U19,1993,SI
SI0102,female,U19,2130,SI
SI0102,male,U19,1918,SI
SI0103,female,U19,2477,SI
SI0103,male,U19,2861,SI
SI0104,female,U19,4314,SI
SI0104,male,U19,4062,SI
SI0105,female,U19,3089,SI
SI0105,male,U19,4372,SI
SI0106,female,U19,2505,SI
SI0106,male,U19,3136,SI
SI0107,female,U19,4178,SI
SI0107,male,U19,5146,SI
SI0201,female,U19,3912,SI
SI0201,male,U19,5080,SI
SI0202,female,U19,3892,SI
SI0202,male,U19,3606,SI
SI0203,female,U19,4616,SI
SI0203,male,U19,4192,SI
SI0204,female,U19,5098,SI
SI0204,male,U19,4762,SI
SI0301,female,U19,2272,SI
SI0301,male,U19,2199,SI
SI0302,female,U19,6711,SI
SI0302,male,U19,5402,SI
SI0303,female,U19,3372,SI
SI0303,male,U19,4238,SI
SI0304,female,U19,5401,SI
SI0304,male,U19,6187,SI
SI0305,female,U19,2143,SI
SI0305,male,U19,2100,SI
QN0151,female,U19,0,QN
QN0151,male,U19,372,QN
BK0261,female,U19,0,BK
BK0261,male,U19,0,BK
BK1061,female,U19,246,BK
BK1061,male,U19,311,BK
BX1161,female,U19,0,BX
BX1161,male,U19,0,BX
MN0661,female,U19,0,MN
MN0661,male,U19,0,MN
QN0161,female,U19,0,QN
QN0161,male,U19,4,QN
QN0261,female,U19,0,QN
QN0261,male,U19,0,QN
QN0761,female,U19,0,QN
QN0761,male,U19,0,QN
SI9561,female,U19,52,SI
SI9561,male,U19,147,SI
BK0471,female,U19,0,BK
BK0471,male,U19,0,BK
BK0571,female,U19,0,BK
BK0571,male,U19,0,BK
BK0771,female,U19,0,BK
BK0771,male,U19,0,BK
BK1771,female,U19,10,BK
BK1771,male,U19,0,BK
BX1071,female,U19,0,BX
BX1071,male,U19,0,BX
BX1271,female,U19,0,BX
BX1271,male,U19,0,BX
QN0171,female,U19,0,QN
QN0171,male,U19,0,QN
QN0271,female,U19,0,QN
QN0271,male,U19,0,QN
QN0571,female,U19,0,QN
QN0571,male,U19,0,QN
QN0572,female,U19,0,QN
QN0572,male,U19,0,QN
QN0573,female,U19,0,QN
QN0573,male,U19,0,QN
QN0574,female,U19,0,QN
QN0574,male,U19,0,QN
QN0871,female,U19,0,QN
QN0871,male,U19,0,QN
QN1371,female,U19,0,QN
QN1371,male,U19,0,QN
QN8081,female,U19,0,QN
QN8081,male,U19,0,QN
QN8381,female,U19,0,QN
QN8381,male,U19,0,QN
BK0891,female,U19,0,BK
BK0891,male,U19,0,BK
BK1091,female,U19,0,BK
BK1091,male,U19,0,BK
BK1391,female,U19,0,BK
BK1391,male,U19,0,BK
BK1891,female,U19,0,BK
BK1891,male,U19,0,BK
BK1892,female,U19,0,BK
BK1892,male,U19,0,BK
BK1893,female,U19,0,BK
BK1893,male,U19,0,BK
BK5591,female,U19,0,BK
BK5591,male,U19,0,BK
BK5691,female,U19,0,BK
BK5691,male,U19,0,BK
BK5692,female,U19,0,BK
BK5692,male,U19,0,BK
BK5693,female,U19,0,BK
BK5693,male,U19,0,BK
BX0291,female,U19,0,BX
BX0291,male,U19,0,BX
BX0391,female,U19,0,BX
BX0391,male,U19,0,BX
BX0491,female,U19,0,BX
BX0491,male,U19,0,BX
BX0492,female,U19,0,BX
BX0492,male,U19,0,BX
BX0991,female,U19,0,BX
BX0991,male,U19,0,BX
BX1091,female,U19,0,BX
BX1091,male,U19,0,BX
BX2691,female,U19,0,BX
BX2691,male,U19,0,BX
BX2791,female,U19,0,BX
BX2791,male,U19,0,BX
BX2891,female,U19,12,BX
BX2891,male,U19,9,BX
MN0191,female,U19,0,MN
MN0191,male,U19,0,MN
MN1191,female,U19,99,MN
MN1191,male,U19,19,MN
MN1291,female,U19,0,MN
MN1291,male,U19,0,MN
MN1292,female,U19,2,MN
MN1292,male,U19,0,MN
MN6491,female,U19,0,MN
MN6491,male,U19,0,MN
QN0191,female,U19,0,QN
QN0191,male,U19,0,QN
QN0791,female,U19,0,QN
QN0791,male,U19,0,QN
QN0891,female,U19,0,QN
QN0891,male,U19,0,QN
QN1091,female,U19,0,QN
QN1091,male,U19,0,QN
QN1191,female,U19,20,QN
QN1191,male,U19,0,QN
QN1491,female,U19,0,QN
QN1491,male,U19,0,QN
QN8191,female,U19,0,QN
QN8191,male,U19,0,QN
QN8291,female,U19,0,QN
QN8291,male,U19,0,QN
QN8491,female,U19,0,QN
QN8491,male,U19,0,QN
QN8492,female,U19,0,QN
QN8492,male,U19,0,QN
SI0191,female,U19,0,SI
SI0191,male,U19,0,SI
SI0291,female,U19,0,SI
SI0291,male,U19,0,SI
SI0391,female,U19,0,SI
SI0391,male,U19,0,SI
SI9591,female,U19,0,SI
SI9591,male,U19,0,SI
SI9592,female,U19,0,SI
SI9592,male,U19,28,SI
SI9593,female,U19,0,SI
SI9593,male,U19,0,SI
